url,slug,name_ko,scientific_name,red_list,family_scientific,family_ko,genus_scientific,genus_ko,요약,분포,생육,형태,정원 디자인,정원 관리,연관 정보,출처
https://www.knagarden.info/plants/dabugbawisol,dabugbawisol,403 ERROR,The request could not be satisfied.,,,,,,,,,,,,,
https://www.knagarden.info/plants/dabugddeogssug,dabugddeogssug,403 ERROR,The request could not be satisfied.,,,,,,,,,,,,,
https://www.knagarden.info/plants/dadohaebibicu,dadohaebibicu,403 ERROR,The request could not be satisfied.,,,,,,,,,,,,,
https://www.knagarden.info/plants/daebanha,daebanha,403 ERROR,The request could not be satisfied.,,,,,,,,,,,,,
https://www.knagarden.info/plants/daeceongbucae,daeceongbucae,403 ERROR,The request could not be satisfied.,,,,,,,,,,,,,
https://www.knagarden.info/plants/daegeug,daegeug,403 ERROR,The request could not be satisfied.,,,,,,,,,,,,,
https://www.knagarden.info/plants/daenamul,daenamul,403 ERROR,The request could not be satisfied.,,,,,,,,,,,,,
https://www.knagarden.info/plants/daengdaengideonggul,daengdaengideonggul,403 ERROR,The request could not be satisfied.,,,,,,,,,,,,,
https://www.knagarden.info/plants/daengdaenginamu,daengdaenginamu,403 ERROR,The request could not be satisfied.,,,,,,,,,,,,,
https://www.knagarden.info/plants/daenggangnamu,daenggangnamu,403 ERROR,The request could not be satisfied.,,,,,,,,,,,,,
https://www.knagarden.info/plants/daepaesjibnamu,daepaesjibnamu,403 ERROR,The request could not be satisfied.,,,,,,,,,,,,,
https://www.knagarden.info/plants/daesaco,daesaco,403 ERROR,The request could not be satisfied.,,,,,,,,,,,,,
https://www.knagarden.info/plants/dajeongkeumnamu,dajeongkeumnamu,403 ERROR,The request could not be satisfied.,,,,,,,,,,,,,
https://www.knagarden.info/plants/dalbburipul,dalbburipul,403 ERROR,The request could not be satisfied.,,,,,,,,,,,,,
https://www.knagarden.info/plants/dalgujipul,dalgujipul,403 ERROR,The request could not be satisfied.,,,,,,,,,,,,,
https://www.knagarden.info/plants/dalgyinanco,dalgyinanco,403 ERROR,The request could not be satisfied.,,,,,,,,,,,,,
https://www.knagarden.info/plants/dalrae,dalrae,403 ERROR,The request could not be satisfied.,,,,,,,,,,,,,
https://www.knagarden.info/plants/dambaepul,dambaepul,403 ERROR,The request could not be satisfied.,,,,,,,,,,,,,
https://www.knagarden.info/plants/damjaengideonggul,damjaengideonggul,403 ERROR,The request could not be satisfied.,,,,,,,,,,,,,
https://www.knagarden.info/plants/dampalsu,dampalsu,403 ERROR,The request could not be satisfied.,,,,,,,,,,,,,
https://www.knagarden.info/plants/dangbuncwi,dangbuncwi,403 ERROR,The request could not be satisfied.,,,,,,,,,,,,,
https://www.knagarden.info/plants/dangdanpungnamu,dangdanpungnamu,403 ERROR,The request could not be satisfied.,,,,,,,,,,,,,
https://www.knagarden.info/plants/danggaejici,danggaejici,403 ERROR,The request could not be satisfied.,,,,,,,,,,,,,
https://www.knagarden.info/plants/dangjandae,dangjandae,403 ERROR,The request could not be satisfied.,,,,,,,,,,,,,
https://www.knagarden.info/plants/dangmaejanamu,dangmaejanamu,403 ERROR,The request could not be satisfied.,,,,,,,,,,,,,
https://www.knagarden.info/plants/dangsabju,dangsabju,403 ERROR,The request could not be satisfied.,,,,,,,,,,,,,
https://www.knagarden.info/plants/danpungcwi,danpungcwi,403 ERROR,The request could not be satisfied.,,,,,,,,,,,,,
https://www.knagarden.info/plants/danpunggosarisam,danpunggosarisam,403 ERROR,The request could not be satisfied.,,,,,,,,,,,,,
https://www.knagarden.info/plants/danpungjebiggoc,danpungjebiggoc,403 ERROR,The request could not be satisfied.,,,,,,,,,,,,,
https://www.knagarden.info/plants/danpungma,danpungma,403 ERROR,The request could not be satisfied.,,,,,,,,,,,,,
https://www.knagarden.info/plants/danpungnamu,danpungnamu,403 ERROR,The request could not be satisfied.,,,,,,,,,,,,,
https://www.knagarden.info/plants/danpungteoripul,danpungteoripul,403 ERROR,The request could not be satisfied.,,,,,,,,,,,,,
https://www.knagarden.info/plants/danyangssugbujaengi,danyangssugbujaengi,403 ERROR,The request could not be satisfied.,,,,,,,,,,,,,
https://www.knagarden.info/plants/darae,darae,403 ERROR,The request could not be satisfied.,,,,,,,,,,,,,
https://www.knagarden.info/plants/daramjwiggori,daramjwiggori,403 ERROR,The request could not be satisfied.,,,,,,,,,,,,,
https://www.knagarden.info/plants/dareubnamu,dareubnamu,403 ERROR,The request could not be satisfied.,,,,,,,,,,,,,
https://www.knagarden.info/plants/deodeog,deodeog,403 ERROR,The request could not be satisfied.,,,,,,,,,,,,,
https://www.knagarden.info/plants/deolggweongnamu,deolggweongnamu,403 ERROR,The request could not be satisfied.,,,,,,,,,,,,,
https://www.knagarden.info/plants/deonggulyongdam,deonggulyongdam,403 ERROR,The request could not be satisfied.,,,,,,,,,,,,,
https://www.knagarden.info/plants/deowijigi,deowijigi,403 ERROR,The request could not be satisfied.,,,,,,,,,,,,,
https://www.knagarden.info/plants/doggaebibucae,doggaebibucae,403 ERROR,The request could not be satisfied.,,,,,,,,,,,,,
https://www.knagarden.info/plants/doggaebisoegobi,doggaebisoegobi,403 ERROR,The request could not be satisfied.,,,,,,,,,,,,,
https://www.knagarden.info/plants/doghwal,doghwal,403 ERROR,The request could not be satisfied.,,,,,,,,,,,,,
https://www.knagarden.info/plants/dogminari,dogminari,403 ERROR,The request could not be satisfied.,,,,,,,,,,,,,
https://www.knagarden.info/plants/dolbaenamu,dolbaenamu,403 ERROR,The request could not be satisfied.,,,,,,,,,,,,,
https://www.knagarden.info/plants/dolbucae,dolbucae,돌부채,Bergenia crassifolia (L.) Fritsch,,,,,,내한성 4a-8b 광조건 반음지 토양성질 양토 사토 유기질토 정원환경 숲 가장자리 돌밭 돌틈 및 옹벽 성상 광엽 여러해살이풀 높이 / 너비 0.15 ~ 0.3m / 0.22 ~ 0.3m 개화시기 7월,국내 해외 평안북도 노봉 해발 2 200m근처,"자생환경 그늘진 북쪽을 향한 바위, 돌로 된 경사지, 암류 및 숲과 고산 지대에서 자생하며 해발 2,200m 근처에 난다. 내한성(온도) 4a-8b (-34.3°C ~ -6.7°C) 광조건 반음지 토양성질 양토 사토 유기질토 토양산도 산성 중성 알칼리성 내환경성 강함 내건성 내음성 척박한 토양","클럼퍼(Clumper) 설명 뿌리줄기이다. 꽃 개화시기 7월 설명 꽃차례 끝에 6~7개의 꽃이 총상으로 달리며 꽃잎은 거꿀피침모양이며 연분홍빛이다. 잎 설명 모여나기하며, 뿌리잎은 타원형 또는 주걱상 타원형이고 끝이 둥글며 가장자리에 희미한 톱니가 있고 양면에 털이 없으며 잎자루는 날개가 있다. 열매 설명 삭과",권장 정원 환경 정원환경 숲 가장자리 돌밭 돌틈 및 옹벽,"식재 및 재배 지속적으로 촉촉하고, 유기질이 풍부하며, 배수가 잘되는 반음지 토양에서 잘 자라지만 척박한 토양이나 음지도 견딘다. 짧은 기간의 가뭄을 견딜 수 있지만, 토양이 말라버리면 잎이 손상된다. 햇빛이 잘 드는 척박한 토양에서 키울 때 잎 색상이 가장 좋으며, 건조하고 찬 바람과 이른 아침 햇빛으로부터 보호되는 위치에 식재하는 것이 좋다. 겨울 말 부터 봄까지 시든 잎과 꽃대를 전정해야 한다. 번식정보 종자 또는 포기나누기로 번식한다. 병충해 병 점무늬병 해충 민달팽이, 달팽이, 바구미, 애벌레","이용가치 식용 차의 재료로 사용한다. 이용 뿌리와 잎, 줄기에서 탄닌을 추출하여 가죽이나 잉크 제조에 사용한다.","특성정보 출처 국가생물종지식정보시스템 RHS Missouri Botanical Garden North Carolina Extended Gardener Flora of China 사진 출처 국립수목원, 돌부채. 사용자 의견 및 제안 식물 정보의 정확성과 서비스 개선을 위해 제안하실 사항이나 의견을 남겨주세요. 작성완료 홈 정원백과 소개 정원식물찾기 정원이야기 유형별 이야기 사례별 이야기 자료모음 연구간행물 참고사이트 수목원 이야기 용어집 TEL. 031-540-2000 FAX. 031-540-1088 경기도 포천시 소흘읍 광릉수목원로 509 (우.11186) 정원백과는 산림청 국립수목원 책임운영기관에서 운영하고 관리합니다. 산림청 국립수목원 © 2024 국립수목원."
https://www.knagarden.info/plants/dolbucaeson,dolbucaeson,돌부채손,Mukdenia acanthifolia Nakai,,,,,,광조건 반음지 토양성질 양토 정원환경 숲 가장자리 초지 성상 광엽 여러해살이풀 높이 / 너비 0.1 ~ 0.5m / 0.1 ~ 0.5m 개화시기 4월 5월,국내 해외 평안남도 맹산지방,자생환경 석회암 위에서 자란다. 광조건 반음지 토양성질 양토 토양산도 산성 중성 알칼리성,"성상 광엽 여러해살이풀 높이 0.1 ~ 0.5m 너비 0.1 ~ 0.5m 꽃 개화시기 4월 5월 설명 꽃대 끝에 백색꽃이 원뿔모양꽃차례로 달리며 꽃잎도 꽃받침과 더불어 뒤로 젖혀지고 백색이다. 잎 설명 땅속줄기 끝에서 1~2장씩 나오고 난상 원형 또는 심장상 원형이며 불규칙한 겹톱니 또는 결각상의 톱니가 있다. 표면에 털이 없으며 두껍고 윤채가 있으며 뒷면은 자줏빛이 돌고 샘털이 있으며, 잎자루는 샘털이 약간 있다. 열매 설명 열매는 삭과로서 달걀모양 점첨두이고 2개로 갈라진다.",권장 정원 환경 정원환경 숲 가장자리 초지 권장정원유형 자연주의정원 권장활용방법 관목 하부 식재,"식재 및 재배 습윤하면서 물이 잘 빠지는 토양과 반음지가 좋다. 여름 기후가 시원하고 습한 숲 환경에 식재하기 알맞다. 번식정보 가을에 파종하여 냉실에서 기르거나 봄철에 포기를 나누어 번식한다. 병충해 해충 민달팽이, 달팽이",,특성정보 출처 국가생물종지식정보시스템 RHS 사용자 의견 및 제안 식물 정보의 정확성과 서비스 개선을 위해 제안하실 사항이나 의견을 남겨주세요. 작성완료 홈 정원백과 소개 정원식물찾기 정원이야기 유형별 이야기 사례별 이야기 자료모음 연구간행물 참고사이트 수목원 이야기 용어집 TEL. 031-540-2000 FAX. 031-540-1088 경기도 포천시 소흘읍 광릉수목원로 509 (우.11186) 정원백과는 산림청 국립수목원 책임운영기관에서 운영하고 관리합니다. 산림청 국립수목원 © 2024 국립수목원.
https://www.knagarden.info/plants/dolcaesonghwa,dolcaesonghwa,돌채송화,Sedum japonicum Siebold ex Miq.,,,,,,내한성 4a-8b 광조건 양지 토양성질 양토 사토 정원환경 돌틈 및 옹벽 암석원 성상 여러해살이풀 높이 0.1 ~ 0.15m 개화시기 5월 6월,국내 해외 한반도 중부 이남 산지,자생환경 산지의 건조한 바위 겉에서 자란다. 내한성(온도) 4a-8b (-34.3°C ~ -6.7°C) 광조건 양지 토양성질 양토 사토,"런너(Runner) 꽃 개화시기 5월 6월 설명 꽃은 황색이고 3~4개로 갈라진 꽃차례에 많은 꽃이 달린다. Prev Next 잎 설명 어긋나기하고 육질이며 원주형이고 끝이 둥글거나 둔하며, 중앙 윗부분이 가장 넓고 전체가 적색으로 되는 수도 있다. 잎의 가장자리에 둔한 톱니가 있다. 열매 설명 열매는 골돌로서 5개이다. 줄기 설명 원줄기는 밑부분이 옆으로 비스듬히 자라며 윗부분이 곧게 서고 밑부분에서 꽃이 달리지 않는 가지가 뻗으면서 번식한다.",형태와 질감 화형 분산형 권장 정원 환경 정원환경 돌틈 및 옹벽 암석원,,"유래 학명 속명 Sedum은 가이우스 플리니우스 세쿤두스(Gaius Plinius Secundus, 23~79 AD)가 돌나물과의 식물(houseleek)에 사용한 라틴명에서 유래했다. 라틴어 sedo(진정시키다) 또는 sedeo(앉다)에서 유래했다는 설도 있으며 돌나물속을 일컫는다. 종소명 japonicum은 '일본의'라는 뜻으로 최초 발견지를 나타낸다.","특성정보 출처 국가생물종지식정보시스템 Flora of China 조민제, 최동기, 최성호, 심미영, 지용주, 이웅. (2021). 한국 식물 이름의 유래 '조선식물향명집' 주해서. 심플라이프. 사진 출처 국립수목원, 돌채송화. 사용자 의견 및 제안 식물 정보의 정확성과 서비스 개선을 위해 제안하실 사항이나 의견을 남겨주세요. 작성완료 홈 정원백과 소개 정원식물찾기 정원이야기 유형별 이야기 사례별 이야기 자료모음 연구간행물 참고사이트 수목원 이야기 용어집 TEL. 031-540-2000 FAX. 031-540-1088 경기도 포천시 소흘읍 광릉수목원로 509 (우.11186) 정원백과는 산림청 국립수목원 책임운영기관에서 운영하고 관리합니다. 산림청 국립수목원 © 2024 국립수목원."
https://www.knagarden.info/plants/doldanpung,doldanpung,돌단풍,Mukdenia rossii (Oliv.) Koidz.,한국 적색목록,,,,,내한성 4a-8b 광조건 반음지 토양성질 양토 사토 정원환경 돌틈 및 옹벽 성상 광엽 여러해살이풀 높이 / 너비 0.3m / 0.3 ~ 0.6m 개화시기 3월 4월,국내 해외 우리나라 충청도 이북,"자생환경 주로 깊은 산, 개울 주변 바위틈에서 자란다. 내한성(온도) 4a-8b (-34.3°C ~ -6.7°C) 광조건 반음지 토양성질 양토 사토 토양산도 산성 중성 알칼리성 내환경성 강함 내건성 보통 내환경성","클럼퍼(Clumper) 꽃 개화시기 3월 4월 설명 꽃대에 백색 바탕에 약간 붉은 빛이 도는 꽃이 원뿔모양꽃차례를 형성한다. Prev Next 잎 잎 시기 10월 11월 설명 근경의 끝이나 그 근방에서 1~2개씩 비늘잎에 싸여 나오지만 여러개가 한 곳에서 나온 것처럼 보이며, 긴 잎자루끝에 5~7개로 갈라진 장상복엽이 달린다. 결각은 달걀모양 또는 긴 달걀모양이며 예첨두로서 가장자리에 잔톱니가 있고 털이 없으며 표면은 윤채가 있다. 잎은 황록색 또는 연록색이며, 가을에 단풍이 예쁘게 든다. Prev Next 열매 설명 열매는 삭과로서 달걀모양이며 꽃핀 뒤 생겨나 익으면 2개로 갈라지고 많은 종자가 들어 있다. 줄기 설명 곧게 선다.",형태와 질감 화형 분산형 질감 거친 질감 권장 정원 환경 정원환경 돌틈 및 옹벽,"식재 및 재배 노지에서 월동이 가능하다. 광선을 요하고 건조에 강하며 자생지의 북부에서는 직사광선에도 견딜 수 있다. 반그늘을 좋아하며 비료 과다에도 강하지만 분갈이를 게을리 하면 허약해지기 쉽다. 건조와 습기에 강하지만 자생지 특성을 살려 배수가 잘 되는 곳에 심는 것이 좋다. 충분한 월동을 해야만 탐스런 꽃을 피울 수 있다. 일반적으로 화분이나 돌 붙임 이외에 암벽에 붙여도 재미있다. 비옥한 배양토에 물을 충분히 주면 매우 큰 대형이 되고 얕은 화분에 적은 배양토로 가꾸면 소품분재 모양으로 작고 아담한 정취를 즐길 수도 있다. 번식정보 종자번식과 삽목, 포기나누기 등으로 증식한다. 종자 번식 시 종자 채취는 5월에, 삽목은 6~7월에 한다. 포기를 나누거나 알뿌리를 나누는 것은 9월이 적당하다. 삽목 시 잎과 잎자루를 붙여서 강모래에 꽂아두면 번식이 잘 된다. 돌단풍의 종자 번식은 GA₃100mg·L⁻¹용액에 1일간 침지 처리한 다음 20℃, 빛이 잘 드는 곳에서 파종하는 것이 가장 효율적이다. 병충해 병 연부병, 뿌리썩음병 해충 응애, 민달팽이, 달팽이 방제방법 주기적으로 살균제를 살포하고 응애약을 뿌려 방제한다.","유래 국명 깊은 계곡 물가 바위(돌)틈에서 자라고 잎이 단풍나무를 닮았다는 뜻에서 유래했다. 학명 속명 Mukdenia는 Mukden(만주의 선양 지역)을 가리키는 말로 원산지의 지명에서 유래했으며 돌단풍속을 일컫는다. 종소명 rossii는 스코틀랜드 출신의 선교사 John Ross(1842~1915)의 이름에서 유래했다. 이용가치 약용 본 분류군 식물에는 항암 물질인 트리테르펜(triterpene)의 일종인 alpha, 23-isopropylidenedioxyolean-12-en-27-oic acid (IPA)를 함유하고 있으며, 이는 자궁암 세포의 세포사멸(apoptosis)을 유도하는 것으로 밝혀져서 항암제로 개발될 잠재력을 가진 식물이다. 이용 한국과 만주지역에 나는 1종 1속의 야생화이므로 원예종으로 개발할 가치가 높으며 자원화 할 수 있는 유망야생화이다. 유사종 변종에는 잎 열편이 12개로 갈라지는 큰돌단풍(M. rossii Engler var. multioba Nsk.)이 있다.","특성정보 출처 국가생물종지식정보시스템 RHS Missouri Botanical Garden Flora of China 농사로 조민제, 최동기, 최성호, 심미영, 지용주, 이웅. (2021). 한국 식물 이름의 유래 '조선식물향명집' 주해서. 심플라이프. 이택주 외 6명. (2016). 야생화를 활용한 정원소재 발굴 및 식재 관리기술 매뉴얼 개발. 한택식물원 사진 출처 국립수목원, 돌단풍. 사용자 의견 및 제안 식물 정보의 정확성과 서비스 개선을 위해 제안하실 사항이나 의견을 남겨주세요. 작성완료 홈 정원백과 소개 정원식물찾기 정원이야기 유형별 이야기 사례별 이야기 자료모음 연구간행물 참고사이트 수목원 이야기 용어집 TEL. 031-540-2000 FAX. 031-540-1088 경기도 포천시 소흘읍 광릉수목원로 509 (우.11186) 정원백과는 산림청 국립수목원 책임운영기관에서 운영하고 관리합니다. 산림청 국립수목원 © 2024 국립수목원."
https://www.knagarden.info/plants/dolggoc,dolggoc,돌꽃,Rhodiola elongata (Ledeb.) Fisch. & C.A.Mey.,,,,,,광조건 양지 토양성질 양토 사토 정원환경 암석원 성상 여러해살이풀 높이 0.1m 개화시기 7월 8월 결실시기 8월,국내 해외 낭림산 북부 고산지대,자생환경 낭림산 및 북부 고산지대에서 자란다. 광조건 양지 토양성질 양토 사토,"클럼퍼(Clumper) 꽃 개화시기 7월 8월 설명 꽃은 붉은빛이 도는 황백색이고 원줄기 꼭대기의 산방상 취산꽃차례에 밀착한다. 꽃받침과 꽃잎은 각 4개이고, 수꽃은 수술이 8개로 꽃잎보다 다소 길며 퇴화된 암술이 있다. 암꽃에는 4개의 암술대가 있으며 서로 떨어져서 선다. Prev Next 잎 설명 어긋나기하며 잎자루가 없고 피침형 또는 거꿀달걀모양의 선형으로서 끝은 뾰족하며 상반부에 톱니가 있고 가장자리가 투명하다. 열매 결실시기 8월 설명 골돌은 타원모양이고 끝이 뾰족하고 뒤로 젖혀지며 8월에 익는다. 종자는 피침모양이다. 줄기 설명 밑부분이 비늘같은 잎으로 싸여 있다.",형태와 질감 화형 반구형 권장 정원 환경 정원환경 암석원,,"유래 국명 돌(石) 틈에서 꽃을 피우는 식물이라는 뜻에서 유래했다. 『조선식물향명집』에서 최초로 그 이름이 발견되는 것으로 보인다. 학명 속명 Rhodiola는 그리스어 rhodon(장미, rose)에서 유래한 것으로 이 속 식물 중 땅속줄기에서 장미향이 나는 것이 있어 붙여졌으며 돌꽃속을 일컫는다. 종소명 elongata는 '늘어가는, 연장하는'이라는 뜻이다.","특성정보 출처 국가생물종지식정보시스템 조민제, 최동기, 최성호, 심미영, 지용주, 이웅. (2021). 한국 식물 이름의 유래 '조선식물향명집' 주해서. 심플라이프. 사진 출처 국립수목원, 돌꽃. 사용자 의견 및 제안 식물 정보의 정확성과 서비스 개선을 위해 제안하실 사항이나 의견을 남겨주세요. 작성완료 홈 정원백과 소개 정원식물찾기 정원이야기 유형별 이야기 사례별 이야기 자료모음 연구간행물 참고사이트 수목원 이야기 용어집 TEL. 031-540-2000 FAX. 031-540-1088 경기도 포천시 소흘읍 광릉수목원로 509 (우.11186) 정원백과는 산림청 국립수목원 책임운영기관에서 운영하고 관리합니다. 산림청 국립수목원 © 2024 국립수목원."
https://www.knagarden.info/plants/dolmatari,dolmatari,돌마타리,Patrinia rupestris (Pall.) Juss.,한국 적색목록,,,,,광조건 양지 토양성질 사토 정원환경 돌밭 돌틈 및 옹벽 성상 광엽 여러해살이풀 높이 0.2 ~ 0.6m 개화시기 7월 9월,국내 해외 우리나라 충청북도 이북 산지,"자생환경 햇빛이 잘 드는 건조하고 척박한 절사면, 비탈진 돌밭, 초원, 숲 가장자리 등에 자란다. 광조건 양지 토양성질 사토",클럼퍼(Clumper) 꽃 개화시기 7월 9월 설명 꽃은 황색이며 꽃차례는 가지 끝에 산방상으로 달린다. Prev Next 잎 설명 마주나기하고 잎자루가 거의 없으며 우상으로 깊게 갈라지고 결각은 밑부분의 것은 작으며 위로 가면서 점점 커지고 피침형 또는 긴 타원형이며 가장자리가 밋밋하거나 톱니가 약간 있다. 표면은 털이 없으며 낮은 돌기가 있고 가장자리에 위를 향한 짧은 털이 있으며 뒷면 맥 위에 털이 약간 있거나 없다. Prev Next 열매 설명 긴타원모양의 열매는 다소 편평하고 복면에 1개의 능선이 있으며 능선 양쪽과 뒷면에 돌기가 밀생하거나 성기게 난다. 줄기 설명 털이 거의 없으며 윗부분에서 가지가 갈라진다.,형태와 질감 화형 분산형 악취 부위 전초 설명 심한 '고린내'와 같은 냄새가 풍긴다. 특히 기온이 높을수록 냄새가 더 강하게 난다. 권장 정원 환경 정원환경 돌밭 돌틈 및 옹벽,식재 및 재배 배수성이 좋은 사질토양이 좋으며 양지에서 재배한다. 그늘에 들어가면 성장이 나빠진다. 특별한 시비도 필요하지 않다. 생육환경을 크게 가리지 않기 때문에 햇볕이 잘 드는 건조하고 척박한 절사면 등에서도 생육한다. 성질이 강하므로 관리가 용이하다. 그늘에 들어가면 성장이 나빠진다. 특별한 시비도 필요하지 않다. 식물체의 냄새가 강하므로 집 근처에는 식재하지 않는 것이 좋다. 번식정보 2~3월에 줄기를 잘라 삽목하면 발근이 잘 된다. 종자는 채취 후 곧바로 파종하면 다음해 봄에 발아하며 발아율은 매우 높다. 포기나누기로도 번식이 잘 된다.,유래 국명 돌 틈에서 자라는 마타리라는 뜻에서 붙여졌다. 산지 돌 틈에서 주로 자란다. 『조선식물향명집』에서 전통 명칭 '마타리'를 기본으로 하고 식물의 산지(産地)와 학명에 착안한 '돌'을 추가해 신칭했다. 학명 속명 Patrinia는 프랑스 자연사학자이자 광물학자인 Eugène Louis Melchior Patrin(1742~1815)의 이름에서 유래한 것으로 마타리속을 일컫는다. 종소명 rupestris는 '바위 위에서 자라는'이라는 뜻이다.,"특성정보 출처 국가생물종지식정보시스템 Flora of China 조민제, 최동기, 최성호, 심미영, 지용주, 이웅. (2021). 한국 식물 이름의 유래 '조선식물향명집' 주해서. 심플라이프. 이택주 외 6명. (2016). 야생화를 활용한 정원소재 발굴 및 식재 관리기술 매뉴얼 개발. 한택식물원 사진 출처 국립수목원, 돌마타리. 사용자 의견 및 제안 식물 정보의 정확성과 서비스 개선을 위해 제안하실 사항이나 의견을 남겨주세요. 작성완료 홈 정원백과 소개 정원식물찾기 정원이야기 유형별 이야기 사례별 이야기 자료모음 연구간행물 참고사이트 수목원 이야기 용어집 TEL. 031-540-2000 FAX. 031-540-1088 경기도 포천시 소흘읍 광릉수목원로 509 (우.11186) 정원백과는 산림청 국립수목원 책임운영기관에서 운영하고 관리합니다. 산림청 국립수목원 © 2024 국립수목원."
https://www.knagarden.info/plants/dolnamul,dolnamul,돌나물,Sedum sarmentosum Bunge,한국 적색목록,,,,,내한성 3a-9b 광조건 양지 반음지 토양성질 양토 사토 정원환경 숲 가장자리 건초지 돌밭 돌틈 및 옹벽 성상 여러해살이풀 높이 / 너비 0.15 ~ 0.2m / 0.3 ~ 3m 개화시기 5월 6월,국내 해외 강원도 경기도 경상남도 경상북도 전라남도 전라북도 제주도 충청남도 충청북도,"자생환경 산이나 들에 난다. 전국 각지에 널리 분포하고 들판이나 산록의 양지 바른 풀밭속, 그늘진 곳, 비탈의 바위, 바위틈에서 난다. 내한성(온도) 3a-9b (-39.9°C ~ -1.1°C) 광조건 양지 반음지 토양성질 양토 사토 내환경성 강함 내건성","런너(Runner) 꽃 개화시기 5월 6월 설명 꽃대가 곧추 자라 그 끝에 많은 황색꽃이 취산꽃차례로 달린다. 꽃받침잎은 다육질이고 끝이 뾰족하다. Prev Next 잎 설명 피침상 마름모형, 타원상 마름모형이며 3개씩 돌려나고 다육질이다. 열매 설명 골돌이며 난형의 종자가 들어있다. 열매가 익으면 비스듬히 벌어진다. 줄기 설명 줄기는 땅 위로 뻗고 밑에서 가지가 갈라져서 지면으로 뻗고 마디에서 뿌리가 내린다.",권장 정원 환경 정원환경 숲 가장자리 건초지 돌밭 돌틈 및 옹벽 권장정원유형 야생동물정원 야생생물 설명 나비와 벌을 유인한다. 작은홍띠점박이푸른부전나비 먹이식물,"식재 및 재배 기후는 가리지 않으나 토질은 다소 습한 보수력이 있는 땅이면 어느 토질에서도 잘 자란다. 생육적온은 18-25℃정도 되며, 한여름 뜨거운 햇빛이나 서늘한 나무그늘 속 등 어디든지 생육하고 건조에 견디는 힘이 대단히 강하다. 월동관리는 가을철 서리가 내리고 얼음이 얼면 돌나물 줄기가 얼고 잎이 떨어진 후 잘 썩은 퇴비 분말을 돌나물 밭에 뿌려서 피복해 주고 그 위에 짚을 덮어서 보호하면 월동에 지장이 없을 뿐만 아니라 봄철 생육도 활발하다. 번식정보 종자의 결실률이 낮아 포기나누기로 번식한다. 4~8월 어느때나 가능하나 가을에는 발근율이 낮다. 봄철 새싹이 돋은 후 싹이나 줄기를 걷어 내어 길이 2~3cm로 절단하여 이식한다. 흙 위에 흩어 뿌리고 약간 덮은 후 가볍게 눌러준다. 마디에서 뿌리가 나와 왕성하게 번식한다. 병충해 병 연부패병(무름병), 잿빛곰팡이병, 썩음병 해충 달팽이, 복숭아진딧물, 거세미나방 유충 방제방법 여름철 달팽이의 피해: 석회 분말을 살포하여 방제 과번무 시 연부패병(무름병): 솎음 작업을 실시 잿빛곰팡이병: 등록약제인 디에토펜카브.티오파네이트메틸 수화제나 보스칼리드.트리플루미졸 수화제를 발병초기 7일 간격으로 살포 복숭아진딧물: 등록약제인 아세타미프리드 수화제,티아메톡삼 입상수화제, 티아클로프리드 액상수화제를 안전사용 기준을 준수하여 살포해준다","유래 국명 돌(石)이 많이 나는 곳에서 자라는 나물이라는 뜻에서 유래했다. 학명 속명 Sedum은 플리니우스(Plinius, 23~79)가 돌나물과의 식물(houseleek)에 사용한 라틴명에서 유래했다. 라틴어 sedo(진정시키다) 또는 sedeo(앉다)에서 유래했다는 설도 있으며 돌나물속을 일컫는다. 종소명 sarmentosum은 '덩굴줄기의, 기는줄기가 있는'이라는 뜻으로 포복성줄기로 번식하는 것에서 유래했다. 이용가치 식용 '돈나물'이라고도 하며 산림경제의 산야채품부에 '石菜(석경)'이라 하여 수록되어 있을 정도로 식용한 역사가 오랜 우리의 고유 식품재료이다. 어린 줄기와 잎은 김치를 담가 먹는데 향미가 있으며, 연한순은 나물로 먹기도 한다. 약용 한방에서는 청열소종의 효능이 있어 인후염에 효력이 있고 만성간염에도 상당한 효능을 보이며, 열이 있으면서 소변을 못볼 때 쓰인다고 한다. 종기, 불이나 뜨거운 물에 데었을 때에는 짓찧어서 환부에 붙이며 또한 해독의 효능이 있어 독충이나 뱀에 물렸을 때에도 짓찧어 환부에 붙인다. 요즈음에는 간염, 간경화증에 효력이 있다고 하여 생즙을 내어 마시기도 한다. 약리 효과로는 담석증, 강장보호, 고혈압 등에 효과가 있으며 또한 사람의 피를 맑게 하며 대하증에도 좋다.","특성정보 출처 국가생물종지식정보시스템 North Carolina Extended Gardener Flora of China 농사로 김진석, 김종환, 김중현. (2018). 한국의들꽃. 돌베개. 조민제, 최동기, 최성호, 심미영, 지용주, 이웅. (2021). 한국 식물 이름의 유래 '조선식물향명집' 주해서. 심플라이프. 김성수 외 4명. (2012). 한국나비분포도감 Korean Butterfly Atlas [1996~2011]. 국립산림과학원 사진 출처 국립수목원, 돌나물. 이정모, 작은홍띠점박이푸른부전나비. 사용자 의견 및 제안 식물 정보의 정확성과 서비스 개선을 위해 제안하실 사항이나 의견을 남겨주세요. 작성완료 홈 정원백과 소개 정원식물찾기 정원이야기 유형별 이야기 사례별 이야기 자료모음 연구간행물 참고사이트 수목원 이야기 용어집 TEL. 031-540-2000 FAX. 031-540-1088 경기도 포천시 소흘읍 광릉수목원로 509 (우.11186) 정원백과는 산림청 국립수목원 책임운영기관에서 운영하고 관리합니다. 산림청 국립수목원 © 2024 국립수목원."
https://www.knagarden.info/plants/dolyangjiggoc,dolyangjiggoc,돌양지꽃,Potentilla dickinsii Franch. & Sav.,한국 적색목록,,,,,광조건 양지 토양성질 사토 정원환경 숲 가장자리 초지 돌틈 및 옹벽 성상 광엽 여러해살이풀 높이 0.1 ~ 0.2m 개화시기 6월 7월,국내 해외 백두산 금강산 지리산 백양산 한라산 한반도 전역 대부분,자생환경 산지의 햇빛이 잘 들고 건조한 바위틈 또는 배수가 잘되는 척박한 사질토양에 주로 생육한다. 전국의 표고 500m 이상의 산지에서 자란다. 광조건 양지 토양성질 사토,클럼퍼(Clumper) 꽃 개화시기 6월 7월 설명 꽃은 6~7월에 피고 황색이며 꽃턱에 백색털이 밀생하고 정생 또는 겨드랑이나기하는 취산꽃차례에 10개 내외의 꽃이 달린다. Prev Next 잎 설명 뿌리잎은 잎자루가 길고 모여나기한다. 소엽은 3개(간혹 5개)이고 사각상 달걀모양 또는 타원형이며 뒷면이 분백색이고 끝이 뾰족하거나 둔하며 가장자리에 뾰족한 톱니가 있다. 줄기잎은 3출 또는 우상으로 갈라지고 소엽은 달걀모양으며 가장자리에 뾰족한 톱니가 있고 뒷면이 백색이다. Prev Next 열매 설명 수과는 달걀모양이며 갈색으로서 밋밋하고 밑부분에 수과보다 긴 꼬불꼬불한 털이 있다. Prev Next 줄기 설명 전체에 비단같은 털이 밀생한다.,형태와 질감 화형 기본형 권장 정원 환경 정원환경 숲 가장자리 초지 돌틈 및 옹벽,식재 및 재배 지하부 습기가 과다하면 뿌리가 썩게 되므로 배수성이 좋은 사질토양에 재배한다. 자생지에서는 강한 빛 아래에서 자라지만 재배시에는 반그늘에서 재배하는 것이 좋다. 여름철의 고온다습에 약하므로 통기성이 좋은 곳에서 재배한다. 지상부 외관에 비해 지하부가 대단히 크다. 재배가 까다로운 편이다. 번식정보 7~8월 경에 채취한 종자를 약간 그늘지고 메마른 조건의 파종상자에서 기르면 다음해 봄에 발아한다.,"유래 국명 돌(바위)에 붙어 자라는 양지꽃이라는 뜻에서 붙여졌다. 실제로 산지의 햇볕이 잘 들고 건조한 바위틈 또는 물빠짐이 잘되는 척박한 사질토에 주로 자란다. 학명 속명 Potentilla는 라틴어 potens(강력한, 효과적인)에서 유래했는데 이 속 어떤 종들의 약성을 언급한 것이며 양지꽃속을 일컫는다. 종소명 dickinsii는 영국 의사로 일본 식물을 유럽에 알린 Frederick Victor Dickins(1838~1915)의 이름에서 유래했다.","특성정보 출처 국가생물종지식정보시스템 Flora of China 조민제, 최동기, 최성호, 심미영, 지용주, 이웅. (2021). 한국 식물 이름의 유래 '조선식물향명집' 주해서. 심플라이프. 사진 출처 국립수목원, 돌양지꽃. 이기홍, 돌양지꽃. 사용자 의견 및 제안 식물 정보의 정확성과 서비스 개선을 위해 제안하실 사항이나 의견을 남겨주세요. 작성완료 홈 정원백과 소개 정원식물찾기 정원이야기 유형별 이야기 사례별 이야기 자료모음 연구간행물 참고사이트 수목원 이야기 용어집 TEL. 031-540-2000 FAX. 031-540-1088 경기도 포천시 소흘읍 광릉수목원로 509 (우.11186) 정원백과는 산림청 국립수목원 책임운영기관에서 운영하고 관리합니다. 산림청 국립수목원 © 2024 국립수목원."
https://www.knagarden.info/plants/dongbaegnamu,dongbaegnamu,동백나무,Camellia japonica L.,한국 적색목록,,,,,내한성 7a-9b 광조건 토양성질 정원환경 성상 상록 활엽 교목 높이 / 너비 7m / 1.5 ~ 3m 결실시기,국내 해외 황해도 충청남도 전라남도 전라북도 경상남도 경상북도 제주도,자생환경 따뜻한 지방의 해안에서 자란다. 내한성(온도) 7a-9b (-17.7°C ~ -1.1°C) 광조건 토양성질 토양산도 내환경성 강함 내염성 내조성 보통 내공해성 맹아력 약함 내한성,"성상 상록 활엽 교목 높이 7m 너비 1.5 ~ 3m 지하부 특성 뿌리뻗음 꽃 설명 적색이고 잎겨드랑이 또는 가지 끝에 1개씩 달려 반 정도 벌어지며 꽃잎은 5~7개가 밑에서 합쳐지며, 수술은 노란색으로 다수다. Prev Next 잎 설명 어긋나며 긴타원모양 또는 난상 타원형이다. 끝은 뾰족하고 밑부분은 둥글거나 쐐기모양이며 가장자리에는 잔톱니가 촘촘히 나 있다. 표면은 녹색이고 광택이 난다. 열매 결실시기 설명 삭과는 둥글고 녹색바탕에 붉은 색이 돌며 씨방실이 3실이다. 삭과의 과피가 떨어지면서 잣모양의 암갈색 종자가 떨어지며, 각진 원모양이다. Prev Next 줄기 설명 기저부에서 갈라져 관목상으로 되는 것이 많으며 나무껍질은 회갈색이고 일년생가지는 갈색이다.",형태와 질감 수형 권장 정원 환경 정원환경 권장정원유형 야생생물 설명 새를 유인한다. 동박새 먹이(꽃),"식재 및 재배 해풍과 염기에 매우 강해서 주로 남쪽 해변에 분포하며 강원도 도서지방 조경에 적합하다. 토양은 약산성으로 배수 양호하고 토심이 깊은 사질양토의 계곡에서 잘 자란다. 어려서는 그늘에서도 잘 견디나 자라면서 양수로 변한다. 내한성이 약하여 내륙지방에서는 월동이 어렵다. 건조한 겨울 바람은 막아주는 것이 좋다. 밭흙(5) : 부엽(3) : 천사(2)의 비율로 혼합하여 재배하면 된다. 잎이 노랗게 변하면 토양이 산성 상태라는 의미이다. 식물이 스스로 눈을 떨구기도 하는데 물이 너무 많거나 부족하다는 의미이다. 개화를 유도하기 위해서는 가을과 겨울의 시원한 기후가 제공되어야 한다. 전정은 3월이나 10~11월이 적당하고 새순을 솎아내는 작읍은 6월까지 끝내야 한다. 이식은 3~4월, 6~7월, 9~10월에 할 수 있지만 가을 이식은 한풍의 피해를 받을 수 있으니 주의한다. 번식정보 종자번식이나 삽목으로 증식한다. 병충해 병 반점병, 흰말병, 탄저병, 점무늬병, 그을음병, 줄기마름병, 검은곰팡이 해충 선충, 개각충, 면충, 화판충해, 깍지벌레, 진딧물, 총채벌레, 가루깍지벌레, 잎응애 방제방법 병충해 예방 봄에서 가을까지 월 1회 정도 보르드액을 뿌려준다. 점무늬병: 병든 잎을 따서 태워 버리고 보르드액을 뿌려 준다. 개각충, 면충: 마라손이나 메타시스독스를 뿌려 구제한다. 탄저병: 실생묘에는 3-3식 보르도액을, 분근묘와 성목은 4-4식 보르도액 또는 다이센수화제 500배액을 6월상순부터 10일 간격으로 부린다. 줄기마름병: 질소질 비료의 과용을 피하고 동해나 피소를 막기 위하여 나무줄기에 백색수성페인트를 발라준다. 점무늬병: 농용 신수화제(아그렙토,브라마이신 등)800배액 또는 6-6식 보르드액을 6월 하순-8월까지 3-4회 살포한다. 그을음병: 통기불량, 음습, 바료부족에 의한 생육불량 또는 질소질비료의 과다가 발병 요인이므로 이점을 주의하고, 수프라싸이드, 기계유 유제(동기에 살포), 마라톤유제 등을 10-15일 간격으로 4월초순부터 2-3회, 9월초순부터 2-3회 뿌려준다. 선충: 메틸브로마이드, DD, EDB, DBCP, 베이팜 등의 토양훈증제로 토양훈증을 하여야 한다.","유래 국명 한자명 '冬栢'(冬柏: 동백)에서 비롯한 것으로, 추운 겨울에 꽃을 피우고 푸르른 나무라는 뜻에서 유래했다. 학명 속명 Camellia는 체코슬로바키아 예수회 선교사로 필리핀 식물을 유럽에 소개한 G. J. Kamel(Camel, 1661~1706)의 이름에서 유래했으며 동백나무속을 일컫는다. 종소명 japonica는 '일본의' 라는 뜻으로 최초 발견지 또는 분포지를 나타낸다. 이용가치 약용 열매를 약용한다.","특성정보 출처 국가생물종지식정보시스템 Missouri Botanical Garden North Carolina Extended Gardener Flora of China 농사로 김태영, 김진석. (2018). 한국의나무. 돌베개. 조민제, 최동기, 최성호, 심미영, 지용주, 이웅. (2021). 한국 식물 이름의 유래 '조선식물향명집' 주해서. 심플라이프. 이우만. (2019). 새들의 밥상 : 뒷산 새 먹이 관찰 도감. 보리. 차욱진, 남정칠, 차민성. (2018). 조경설계수목도감. 문운당 김만조, 나성준, 권해연, 김영기. (2021). 우리나라 주요 밀원자원 Ⅰ (수목류). 국립산림과학원 사진 출처 국립수목원, 동백나무. 권우찬, 동박새. 사용자 의견 및 제안 식물 정보의 정확성과 서비스 개선을 위해 제안하실 사항이나 의견을 남겨주세요. 작성완료 홈 정원백과 소개 정원식물찾기 정원이야기 유형별 이야기 사례별 이야기 자료모음 연구간행물 참고사이트 수목원 이야기 용어집 TEL. 031-540-2000 FAX. 031-540-1088 경기도 포천시 소흘읍 광릉수목원로 509 (우.11186) 정원백과는 산림청 국립수목원 책임운영기관에서 운영하고 관리합니다. 산림청 국립수목원 © 2024 국립수목원."
https://www.knagarden.info/plants/dongganghalmiggoc,dongganghalmiggoc,동강할미꽃,Pulsatilla tongkangensis Y.N.Lee & T.C.Lee,한국 적색목록,,,,,광조건 양지 토양성질 양토 사토 정원환경 숲 가장자리 초지 암석원 성상 광엽 여러해살이풀 높이 0.15m 개화시기 4월 5월,강원도 강릉시 동해시 삼척시 정선군,"자생환경 강원도 정선, 영월(동강), 삼척의 석회암 바위에서 자란다. 광조건 양지 토양성질 양토 사토","클럼퍼(Clumper) 꽃 개화시기 4월 5월 설명 적자색, 연한 자색, 자색으로 핀다. 꽃은 처음에는 위를 향해 피었다가 꽃대가 길어지며 옆을 향한다. Prev Next 잎 설명 삼출엽이다. 열매 설명 열매의 끝부분에는 암술대가 남아있고, 열매는 수과로 긴타원모양이다. 줄기 설명 전체에 흰 털이 많다. Prev Next",권장 정원 환경 정원환경 숲 가장자리 초지 암석원,,"유래 학명 속명 Pulsatilla는 라틴어 pulso(두드리다, 치다)에서 유래한 것으로, 꽃이 종(鐘)을 닮아서 붙여졌으며 할미꽃속을 일컫는다.","특성정보 출처 국가생물종지식정보시스템 김진석, 김종환, 김중현. (2018). 한국의 들꽃. 돌베개. 조민제, 최동기, 최성호, 심미영, 지용주, 이웅. (2021). 한국 식물 이름의 유래 '조선식물향명집' 주해서. 심플라이프. 사진 출처 국립수목원, 동강할미꽃. 사용자 의견 및 제안 식물 정보의 정확성과 서비스 개선을 위해 제안하실 사항이나 의견을 남겨주세요. 작성완료 홈 정원백과 소개 정원식물찾기 정원이야기 유형별 이야기 사례별 이야기 자료모음 연구간행물 참고사이트 수목원 이야기 용어집 TEL. 031-540-2000 FAX. 031-540-1088 경기도 포천시 소흘읍 광릉수목원로 509 (우.11186) 정원백과는 산림청 국립수목원 책임운영기관에서 운영하고 관리합니다. 산림청 국립수목원 © 2024 국립수목원."
https://www.knagarden.info/plants/dongjaggoc,dongjaggoc,동자꽃,Lychnis cognata Maxim.,한국 적색목록,,,,,내한성 5a-8b 광조건 양지 토양성질 점토 양토 정원환경 숲 가장자리 초지 성상 광엽 여러해살이풀 높이 0.4 ~ 1m 개화시기 7월 8월 결실시기 9월,국내 해외 강원도 경기도 경상남도 경상북도 전라남도 전라북도 충청남도 충청북도,"자생환경 깊은 산 숲속이나 숲 가장자리, 산지 계곡 언저리, 높은 산 초원 등에서 생육한다. 내한성(온도) 5a-8b (-28.8°C ~ -6.7°C) 광조건 양지 토양성질 점토 양토 토양산도 산성 내환경성 강함 내한성 내음성 이식력 보통 내환경성 약함 내서성 내건성",클럼퍼(Clumper) 꽃 개화시기 7월 8월 설명 꽃은 진한 적색이고 원줄기 끝과 잎겨드랑이에서 꽃자루가 1개씩 자라 그 끝에 한송이씩 핀다. Prev Next 잎 설명 마주나기하며 잎자루가 없고 긴 타원형 또는 난상 타원형이며 양끝이 좁고 가장자리가 밋밋하며 양면과 가장자리에 털이 있고 황록색이다. 열매 결실시기 9월 설명 삭과는 긴 타원모양이고 꽃받침에 싸여 있다. Prev Next 줄기 설명 털이 나 있으며 곧게 서고 마디가 뚜렷하다.,형태와 질감 화형 기본형 권장 정원 환경 정원환경 숲 가장자리 초지 권장정원유형 야생동물정원 야생생물 설명 나비를 유인한다. 산호랑나비 흡밀식물,"식재 및 재배 여름철 잎이 타면 미관상 아름답지 못하므로 나무그늘이나 반그늘을 만들어 주어야 한다. 매일 오전에 한 번씩 충분히 관수를 해주면 좋다. 수분을 좋아하는 식물이므로 관수량을 조절하여 줄기가 튼튼하게 자랄 수 있도록 한다. 가을의 동면기간 중에도 뿌리가 마르지 않도록 세심한 관심을 가져야 한다. 번식정보 종자번식 및 삽목으로 증식한다. - 종자번식 : 초가을에 종자를 채취하여 즉시 파종하면 이듬해 발아가 되어 여름에 꽃이 핀다. 종자를 저장하였다가 봄에 파종하면 키가 낮은 상태로 여름에 개화한다. - 삽목 : 5-6월에 새순을 2-3마디(10-15cm)를 절단하여 깨끗한 모래나 마사토에 삽목하면 20일 후에 발근이 된다. 병충해 병 회색곰팡이병, 줄기썩음병 해충 진딧물, 응애, 담배나방, 청벌레, 총체벌레 유충 방제방법 살균제를 주기적으로 살포하고 조기에 방제한다. 개화기 전후로 살충제를 살포한다.","유래 국명 눈 속에서 얼어 죽은 동자승(童子僧)에 관한 설화에 나오는 동자승과 같이 예쁜 꽃이라는 뜻에서 유래했다. 학명 속명 Lychnis는 그리스어 lychnos(불꽃)에서 유래한 것으로 붉은색을 띠는 종에 붙여졌는데, 유럽에서는 옛날에 이 속의 식물로 램프의 심지를 만들었다고 하며 동자꽃속을 일컫는다. 종소명 cognata는 '친근한, 관련된'이라는 뜻으로 다른 종과 매우 유사함을 나타낸다. 특이사항 북반구의 온대와 한대에 약 40~50종이 분포하고 있다. 우리나라에는 4종이 자생한다.","특성정보 출처 국가생물종지식정보시스템 Flora of China 농사로 조민제, 최동기, 최성호, 심미영, 지용주, 이웅. (2021). 한국 식물 이름의 유래 '조선식물향명집' 주해서. 심플라이프. 김종원. (2016). 한국 식물 생태 보감 2: 풀밭에 사는 식물. 자연과생태. 김성수 외 4명. (2012). 한국나비분포도감 Korean Butterfly Atlas [1996~2011]. 국립산림과학원 사진 출처 국립수목원, 동자꽃. 이기홍, 동자꽃. 이정모, 산호랑나비. 사용자 의견 및 제안 식물 정보의 정확성과 서비스 개선을 위해 제안하실 사항이나 의견을 남겨주세요. 작성완료 홈 정원백과 소개 정원식물찾기 정원이야기 유형별 이야기 사례별 이야기 자료모음 연구간행물 참고사이트 수목원 이야기 용어집 TEL. 031-540-2000 FAX. 031-540-1088 경기도 포천시 소흘읍 광릉수목원로 509 (우.11186) 정원백과는 산림청 국립수목원 책임운영기관에서 운영하고 관리합니다. 산림청 국립수목원 © 2024 국립수목원."
https://www.knagarden.info/plants/dongraeeonggeongkwi,dongraeeonggeongkwi,동래엉겅퀴,Cirsium toraiense Nakai ex Kitam.,,,,,,광조건 토양성질 정원환경 성상 여러해살이풀 높이 0.35m,국내 해외 전라남도 장흥군 광주시 북구 경상남도 거창군 합천군 부산시 진구,광조건 토양성질,성상 여러해살이풀 높이 0.35m 꽃 설명 머리모양꽃차례는 꽃이 필 때 곧추서고 가지나 줄기 끝에 1개씩 곧게 달린다. Prev Next 잎 설명 밑부분의 잎은 긴 타원형이고 양끝이 좁으며 가시가 있고 밑으로 흐르지 않는다. 털이 없고 가장자리가 우상으로 갈라지며 결각은 3~4쌍으로서 서로 떨어져 있고 가시같은 톱니가 있다. Prev Next 열매 설명 수과는 긴 타원모양이고 끝이 볏짚색이며 밑부분이 흑자색이고 관모는 다소 갈색이 돈다. 줄기 설명 골이 진 줄이 있으며 털이 약간 있다.,형태와 질감 화형 권장 정원 환경 정원환경,,,"특성정보 출처 국가생물종지식정보시스템 POWO (2024). Plants of the World Online. Facilitated by the Royal Botanic Gardens, Kew 사진 출처 국립수목원, 동래엉겅퀴. 사용자 의견 및 제안 식물 정보의 정확성과 서비스 개선을 위해 제안하실 사항이나 의견을 남겨주세요. 작성완료 홈 정원백과 소개 정원식물찾기 정원이야기 유형별 이야기 사례별 이야기 자료모음 연구간행물 참고사이트 수목원 이야기 용어집 TEL. 031-540-2000 FAX. 031-540-1088 경기도 포천시 소흘읍 광릉수목원로 509 (우.11186) 정원백과는 산림청 국립수목원 책임운영기관에서 운영하고 관리합니다. 산림청 국립수목원 © 2024 국립수목원."
https://www.knagarden.info/plants/dongyinamul,dongyinamul,403 ERROR,The request could not be satisfied.,,,,,,,,,,,,,
https://www.knagarden.info/plants/donnamu,donnamu,403 ERROR,The request could not be satisfied.,,,,,,,,,,,,,
https://www.knagarden.info/plants/doraji,doraji,403 ERROR,The request could not be satisfied.,,,,,,,,,,,,,
https://www.knagarden.info/plants/dorajimosidae,dorajimosidae,403 ERROR,The request could not be satisfied.,,,,,,,,,,,,,
https://www.knagarden.info/plants/dorubagi,dorubagi,403 ERROR,The request could not be satisfied.,,,,,,,,,,,,,
https://www.knagarden.info/plants/duipyagnanco,duipyagnanco,403 ERROR,The request could not be satisfied.,,,,,,,,,,,,,
https://www.knagarden.info/plants/dumebucu,dumebucu,403 ERROR,The request could not be satisfied.,,,,,,,,,,,,,
https://www.knagarden.info/plants/dumedagnamu,dumedagnamu,403 ERROR,The request could not be satisfied.,,,,,,,,,,,,,
https://www.knagarden.info/plants/dumetabpul,dumetabpul,403 ERROR,The request could not be satisfied.,,,,,,,,,,,,,
https://www.knagarden.info/plants/dumeyanggwibi,dumeyanggwibi,403 ERROR,The request could not be satisfied.,,,,,,,,,,,,,
https://www.knagarden.info/plants/dunggeunbawisol,dunggeunbawisol,403 ERROR,The request could not be satisfied.,,,,,,,,,,,,,
https://www.knagarden.info/plants/dunggeunbeomggori,dunggeunbeomggori,403 ERROR,The request could not be satisfied.,,,,,,,,,,,,,
https://www.knagarden.info/plants/dunggeunijilpul,dunggeunijilpul,403 ERROR,The request could not be satisfied.,,,,,,,,,,,,,
https://www.knagarden.info/plants/dunggeuningamog,dunggeuningamog,403 ERROR,The request could not be satisfied.,,,,,,,,,,,,,
https://www.knagarden.info/plants/dunggeunipceonnamseong,dunggeunipceonnamseong,403 ERROR,The request could not be satisfied.,,,,,,,,,,,,,
https://www.knagarden.info/plants/dunggeunipggweongyibireum,dunggeunipggweongyibireum,403 ERROR,The request could not be satisfied.,,,,,,,,,,,,,
https://www.knagarden.info/plants/dunggeunteoljebiggoc,dunggeunteoljebiggoc,403 ERROR,The request could not be satisfied.,,,,,,,,,,,,,
https://www.knagarden.info/plants/dunggulre,dunggulre,403 ERROR,The request could not be satisfied.,,,,,,,,,,,,,
https://www.knagarden.info/plants/dureubnamu,dureubnamu,두릅나무,Aralia elata (Miq.) Seem.,한국 적색목록,,,,,내한성 4a-9b 광조건 반음지 토양성질 점토 양토 사토 정원환경 숲 가장자리 성상 낙엽 활엽 관목 높이 / 너비 3 ~ 4m / 1.8 ~ 3m 개화시기 7월 9월 결실시기 9월 10월,국내 해외 강원도 경기도 경상남도 경상북도 양강도 자강도 전라남도 전라북도 제주도 충청남도 충청북도 평안남도 평안북도 함경남도 함경북도 황해남도 황해북도,"자생환경 숲, 숲 가장자리, 관목 지대, 도로변에 나며 토심이 깊고 토양습윤 조건이 적합한 곳에서 자란다. 평지로부터 해발 1,000m이상의 높은 지대까지 자생한다. 내한성(온도) 4a-9b (-34.3°C ~ -1.1°C) 광조건 반음지 토양성질 점토 양토 사토 토양산도 중성 내환경성 강함 내한성 내건성 내공해성","성상 낙엽 활엽 관목 높이 3 ~ 4m 너비 1.8 ~ 3m 꽃 개화시기 7월 9월 설명 복총상꽃차례로, 꽃은 연한 녹백색이다. Prev Next 잎 설명 어긋나며 가지 끝에서는 모여 달린다. 2회우상복엽이며, 엽축과 소엽에 가시가 생긴다. 타원상 달걀모양, 달걀모양이며 끝이 뾰족하고 가장자리에 불규칙한 톱니가 있다. Prev Next 열매 결실시기 9월 10월 설명 열매는 장과상 핵과로 둥글고 검은색이며, 종자는 뒷면에 입상의 돌기가 약간 존재한다. Prev Next 줄기 설명 수피는 회갈색이고 날카로운 가시가 많으며 껍질눈이 발달한다. Prev Next","독성 부위 나무 껍질, 뿌리 증상 피부 알레르기를 일으킬 수 있다. 권장 정원 환경 정원환경 숲 가장자리 권장정원유형 옥상정원 수분매개체정원 자연주의정원 음지정원 야생동물정원 권장활용방법 표본식재 건축물 주변 식재 야생생물 설명 새를 유인하며, 밀원식물이다. 직박구리 먹이 되새류 먹이 개똥지빠귀류 먹이","식재 및 재배 재배지의 지형은 계곡이나 산허리부의 북향이나 북동향 방향인 지역으로 경사 15~30도가 적당하다. 해발고는 200~600m, 피음도는 25~35%가 적당하며 산성도(PH)는 5.1~5.8이 알맞다. 양지부터 반음지에서 재배한다. 건조를 잘 견디며 다양한 토양 유형에 적응할 수 있지만, 습기가 있고 비옥하며 부엽토가 많은 배수가 잘 되는 양토를 선호한다. 큰 겹잎이 손상될 수 있으므로 강한 바람을 막을 수 있는 곳에 심는다. 전정은 최소한으로 하거나 안한다. 강한 전정은 나무를 망칠수 있다. 강한 바람으로 부터 보호되는 그늘이 적지이다. 근맹아가 많이 발생하는데 자연화되는 것을 원하지 않는다면 뿌리의 근맹아를 제거한다. 생장속도는 보통이다. 번식정보 종자번식, 삽목, 포기나누기 등으로 번식한다. 근맹아를 나누어 증식하는 것이 쉽다. 병충해 병 궤양병, 녹병, 뒤면모무늬병, 줄기마름병, 뽕나무버섯균 해충 응애, 하늘소, 두릅나무잎벌레, 진딧물, 가루깍지벌레 방제방법 응애: 도시 근교지역이나 평야지에서 재배할 때 발생한다. 살비제를 사용하여 방제한다. 하늘소: 8월경 나무두릅 가지속에 구멍을 뚫고 침입하여 나무속을 갉아 먹는다. 유기인제 1,000배액을 살포하여 방제한다. 녹병: 병에 걸린 낙엽을 긁어 모아 태우고 4월 중.하순경의 발아 직전에 석회유황 합제 5%액을 수관에 철저히 살포해 준다. 매년마다 이 병이 심한 과원은 장마가 끝난 후에 다이센 M-45 600배액 또는 디포라탄 800배액을 10-15일 간격으로 3회 이상 살포하여 예방에 힘쓴다. 줄기마름병: 질소질 비료의 과용을 피하고 동해나 피소를 막기 위하여 나무줄기에 백색수성페인트를 발라준다. 잎벌레: 유충가해기인 5월하순에서 7월하순에 디프제 1,000배액, 나크 3% 분제(ha당 40kg) 등을 수관에 살포한다. 4월 하순에서 5월 상순, 7월-8월에 성충을 포살한다.","유래 국명 『동의보감』에 기록된 '둘훕'에서 비롯한 것으로, 땅에서 자라는 ᄯᅡᆺ둘흡(땅 두릅)에 비해 나무에서 새순이 나온다는 뜻에서 유래했다. 15세기 『향약집성방』에 한자명 獨活(독활) 대한 향명으로 이두식 차자(借字) 표기인 '地頭乙戶邑'(ᄯᅡᆺ둘흡)을 기록했다. 17세기 『동의보감』에 이르러 한자명 木頭菜(목두채)에 대한 한글명으로 ᄯᅡᆺ둘흡(땅 두릅)에서 ᄯᅡᆺ이 사라진 '둘훕'(두릅)을 기록했는데, 한자명과 함께 읽으면 땅에서 자라는 풀이 아니라 '나무로 자라는 둘훕'이라는 식물의 뜻이 된다. 『조선식물향명집』은 '드릅나무'로 기록했으나 『조선산야생식용식물』에서 '두릅나무'로 개칭해 현재에 이르고 있다. 학명 속명 Aralia는 프랑스 식물학자 Joseph Pitton de Toumefort(1656~1708)가 북아메리카 인디언의 토명 Aralie를 붙인 것에서 유래했으며 두릅나무속을 일컫는다. 종소명 elata는 '큰 키의'라는 뜻이다.","특성정보 출처 국가생물종지식정보시스템 RHS Missouri Botanical Garden North Carolina Extended Gardener Flora of China 김태영, 김진석. (2018). 한국의나무. 돌베개. 조민제, 최동기, 최성호, 심미영, 지용주, 이웅. (2021). 한국 식물 이름의 유래 '조선식물향명집' 주해서. 심플라이프. 이풍, 이경재. (2008). 학교녹지 유형에 따른 야생조류 출현 특성에 관한 연구. 한국조경학회 춘계학술대회 논문집, 2008, 95-97. 사진 출처 국립수목원, 두릅나무. 이기홍, 두릅나무. 권우찬, 직박구리, 되새류, 개똥지빠귀류. 사용자 의견 및 제안 식물 정보의 정확성과 서비스 개선을 위해 제안하실 사항이나 의견을 남겨주세요. 작성완료 홈 정원백과 소개 정원식물찾기 정원이야기 유형별 이야기 사례별 이야기 자료모음 연구간행물 참고사이트 수목원 이야기 용어집 TEL. 031-540-2000 FAX. 031-540-1088 경기도 포천시 소흘읍 광릉수목원로 509 (우.11186) 정원백과는 산림청 국립수목원 책임운영기관에서 운영하고 관리합니다. 산림청 국립수목원 © 2024 국립수목원."
https://www.knagarden.info/plants/durumiceonnamseong,durumiceonnamseong,두루미천남성,Arisaema heterophyllum Blume,한국 적색목록,,,,,내한성 5a-9b 광조건 반음지 토양성질 양토 유기질토 정원환경 숲 가장자리 초지 성상 광엽 여러해살이풀 높이 / 너비 0.5m / 0.2 ~ 0.3m 개화시기 5월 6월 결실시기 7월 9월,국내 해외 경기도 충청남도 전라북도 전라남도 제주도,"자생환경 산지의 풀밭, 숲, 관목 지대에서 자란다. 내한성(온도) 5a-9b (-28.8°C ~ -1.1°C) 광조건 반음지 토양성질 양토 유기질토","클럼퍼(Clumper) 꽃 개화시기 5월 6월 설명 꽃자루가 길며, 육수꽃차례의 연장부는 채찍처럼 길게 자라 높이 솟으며 꽃대축에 많은 꽃이 밀착한다. 잎 설명 1개이며 잎자루는 길고 소엽은 13~19개로 거꿀피침모양이며 양끝이 좁다. Prev Next 열매 결실시기 7월 9월 설명 장과는 적색으로서 육수꽃차례의 축에 옥수수알처럼 달려 전체가 긴 타원모양으로 된다. Prev Next 줄기",독성 정도 맹독성 부위 열매 주의사항 어린이들이 따먹지 않도록 특히 주의를 기울여야 한다. 권장 정원 환경 정원환경 숲 가장자리 초지,식재 및 재배 햇빛이 잘 들며 토질이 비옥하고 습기가 매우 높은 습지 등에서 재배하거나 통기성과 보습성이 충분한 토양에 재배한다. 우리나라에 자생하는 10여종의 천남성속 식물 가운데 유일하게 강한 햇빛하에서도 잘 적응하는 종이다.,"유래 학명 속명 Arisaema는 그리스어 aris(arum이라는 식물의)와 haima(피)의 합성어로, 잎에 반점이 있는 것에서 유래했으며 천남성속을 일컫는다. 특이사항 우리나라에 자생하는 10여종의 천남성속 식물 가운데 유일하게 강한 햇볕하에서도 잘 적응하는 종이다.","특성정보 출처 국가생물종지식정보시스템 North Carolina Extended Gardener Flora of China 사진 출처 국립수목원, 두루미천남성. 사용자 의견 및 제안 식물 정보의 정확성과 서비스 개선을 위해 제안하실 사항이나 의견을 남겨주세요. 작성완료 홈 정원백과 소개 정원식물찾기 정원이야기 유형별 이야기 사례별 이야기 자료모음 연구간행물 참고사이트 수목원 이야기 용어집 TEL. 031-540-2000 FAX. 031-540-1088 경기도 포천시 소흘읍 광릉수목원로 509 (우.11186) 정원백과는 산림청 국립수목원 책임운영기관에서 운영하고 관리합니다. 산림청 국립수목원 © 2024 국립수목원."
https://www.knagarden.info/plants/durumiggoc,durumiggoc,두루미꽃,Maianthemum bifolium (L.) F.W.Schmidt,한국 적색목록,,,,,내한성 3a-7b 광조건 토양성질 정원환경 성상 광엽 여러해살이풀 높이 / 너비 0.08 ~ 0.15m / 0.3 ~ 0.45m 개화시기 결실시기,국내 해외 한반도 전역,"자생환경 높은 산의 숲 속, 관목림, 시냇가 및 습지가 있는 비탈지에 자란다. 내한성(온도) 3a-7b (-39.9°C ~ -12.2°C) 광조건 토양성질",꽃 개화시기 설명 꽃은 백색이며 총상꽃차례는 원줄기의 연속으로서 꽃이 20개 정도 달린다. Prev Next 잎 설명 2개씩 달리며 잎자루가 있고 삼각상 심장형이며 뒷면 맥위에 돌기같은 털이 다소 있고 가장자리의 세포는 주상 또는 난상 삼각형으로서 비스듬히 서기 때문에 톱니가 생긴다. Prev Next 열매 결실시기 설명 장과는 둥글며 적색으로 익는다. Prev Next 줄기 설명 곧추서며 털이 없거나 돌기같은 털이 있다.,형태와 질감 화형 권장 정원 환경 정원환경 권장정원유형 권장활용방법,"식재 및 재배 보통 흙에서 자라며, 중간정도의 수분이 유지되고, 배수가 잘되는 반음지에서 잘 자란다. 비옥하고 공극이 많고 부식이 많으며 여름에는 온도가 적당한 상태에서 일관된 습기를 유지하는 토양을 선호하며, 고온다습한 여름이나 건조한 토양은 견디지 못한다. 번식정보 이른 가을 포기나누기를 하거나 종자로 번식한다.",유래 국명 잎 사이로 꽃대가 올라와 꽃을 피우는 모양이 마치 두루미와 같다는 뜻에서 유래했다. 학명 속명 Maianthemum은 그리스어 majos(5월)와 anthemon(꽃)의 합성어로 꽃 피는 시기를 나타내며 두루미꽃속을 일컫는다. 종소명 bifolium은 bi(둘)와 folium(잎)의 합성어로 2장의 잎을 뜻한다.,"특성정보 출처 국가생물종지식정보시스템 Missouri Botanical Garden Flora of China 조민제, 최동기, 최성호, 심미영, 지용주, 이웅. (2021). 한국 식물 이름의 유래 '조선식물향명집' 주해서. 심플라이프. 사진 출처 국립수목원, 두루미꽃. 이기홍, 두루미꽃. 사용자 의견 및 제안 식물 정보의 정확성과 서비스 개선을 위해 제안하실 사항이나 의견을 남겨주세요. 작성완료 홈 정원백과 소개 정원식물찾기 정원이야기 유형별 이야기 사례별 이야기 자료모음 연구간행물 참고사이트 수목원 이야기 용어집 TEL. 031-540-2000 FAX. 031-540-1088 경기도 포천시 소흘읍 광릉수목원로 509 (우.11186) 정원백과는 산림청 국립수목원 책임운영기관에서 운영하고 관리합니다. 산림청 국립수목원 © 2024 국립수목원."
https://www.knagarden.info/plants/gacimbagdal,gacimbagdal,가침박달,Exochorda serratifolia S.Moore,한국 적색목록,,,,,내한성 4a-8a 광조건 양지 반음지 토양성질 양토 사토 정원환경 숲 가장자리 성상 낙엽 활엽 관목 높이 1 ~ 5m 개화시기 4월 5월 결실시기 7월 8월,국내 해외 평안남도 평안북도 황해도 경기도 해안가 함경북도 강원도 충청북도 경상북도 전라남도,"자생환경 햇빛이 잘 드는 산록의 비교적 비옥한 토양(관목지대, 트여 있는 숲, 비탈 및 시냇가 둑, 강가)에서 주로 자란다. 내한성(온도) 4a-8a (-34.3°C ~ -9.4°C) 광조건 양지 반음지 토양성질 양토 사토 내환경성 강함 내한성 보통 내조성 약함 내건성 내공해성","성상 낙엽 활엽 관목 높이 1 ~ 5m 꽃 개화시기 4월 5월 설명 백색이며 정생하는 총상꽃차례에 3~6(8)개씩 달린다. Prev Next 잎 설명 어긋나며 타원형, 장타원상 달걀모양이다. 끝은 뾰족하고 밑부분은 쐐기모양, 넓은 쐐기모양이며, 가장자리의 상반부에 뾰족한 톱니가 있다. 열매 결실시기 7월 8월 설명 열매는 삭과로, 달걀형으로, 모가 지고, 익으면 뒷면이 터지면서 종자 날개가 달린다. Prev Next 줄기 설명 나무껍질은 회갈색이고 일년생가지는 붉은 빛이 도는 갈색이다. Prev Next","향기 부위 꽃 권장 정원 환경 정원환경 숲 가장자리 권장정원유형 야생동물정원 야생생물 설명 나비를 유인한다. 회령푸른부전나비 산란 장소(줄기), 먹이식물",식재 및 재배 토양은 부식질이 풍부한 산성의 비옥토에서 재배하는 것이 생육은 물론 개화 결실에 좋다. 음지에서도 적응이 가능하나 햇빛이 잘 드는 양지에서 재배하는 것이 좋다. 내조성은 보통으로 해변에서 멀리 떨어진 곳에서는 피해를 받지 않는다. 바람을 피할 수 있는 위치가 좋다.,,"특성정보 출처 국가생물종지식정보시스템 Missouri Botanical Garden Flora of China 김태영, 김진석. (2018). 한국의나무. 돌베개. 김성수 외 4명. (2012). 한국나비분포도감 Korean Butterfly Atlas [1996~2011]. 국립산림과학원 사진 출처 국립수목원, 가침박달. 국립수목원 산림생물다양성연구과, 회령푸른부전나비. 사용자 의견 및 제안 식물 정보의 정확성과 서비스 개선을 위해 제안하실 사항이나 의견을 남겨주세요. 작성완료 홈 정원백과 소개 정원식물찾기 정원이야기 유형별 이야기 사례별 이야기 자료모음 연구간행물 참고사이트 수목원 이야기 용어집 TEL. 031-540-2000 FAX. 031-540-1088 경기도 포천시 소흘읍 광릉수목원로 509 (우.11186) 정원백과는 산림청 국립수목원 책임운영기관에서 운영하고 관리합니다. 산림청 국립수목원 © 2024 국립수목원."
https://www.knagarden.info/plants/gaeamnamu,gaeamnamu,개암나무,Corylus heterophylla Fisch. ex Trautv.,한국 적색목록,,,,,내한성 4a-8b 광조건 양지 반음지 토양성질 양토 사토 정원환경 숲 가장자리 성상 낙엽 활엽 관목 높이 7m 개화시기 3월 4월 결실시기 9월 10월,강원도를 제외한 우리나라 전역,자생환경 우리나라 전국 각 지방의 산기슭 양지의 해발 60~1500m 지역에서 자생한다. 특히 불탄 곳에 많이 자란다. 햇빛이 잘 드는 양지쪽의 비옥한 곳에서 군생하며 전석지에서 생육이 왕성하고 개화결실이 잘된다. 내한성(온도) 4a-8b (-34.3°C ~ -6.7°C) 광조건 양지 반음지 토양성질 양토 사토,"성상 낙엽 활엽 관목 높이 7m 꽃 개화시기 3월 4월 설명 수꽃차례는 지난해에 생기고 통모양이며 가지 끝에 2~5개씩 가지 끝에서 밑으로 처지며 꽃밥은 황색이다. 암꽃차례는 겨울눈 안에 있으며, 10여 개의 암술대가 겉으로 나온다. Prev Next 잎 설명 어긋나며 넓은 거꿀달걀모양, 원모양이다. 가장자리에는 불규칙한 치아상의 겹톱니가 있다. 어린잎의 중앙에는 적색의 얼룩무늬가 있다가 차츰 없어진다. Prev Next 열매 결실시기 9월 10월 설명 견과는 둥글며 총포는 종모양으로서 열매를 둘러싸지만 종자 전체를 감싸지는 않는다. 줄기 Prev Next",권장 정원 환경 정원환경 숲 가장자리 권장정원유형 야생동물정원 야생생물 설명 새를 유인한다. 오색딱따구리 먹이(열매),"번식정보 뿌리나누기, 종자번식, 접목으로 번식한다.","유래 국명 개'(접사)와 '밤'(栗)과 '나무'(木)로 이루어진 합성어로, 밤나무를 닮았다는 뜻에서 유래했다. 학명 속명 Corylus는 그리스어 corys(투구)를 어원으로 하는 고대 라틴어로, 소총포의 모양을 표현한 것이며 개암나무속을 일컫는다. 종소명 heterophylla는 '이엽성(異葉性)의'라는 뜻이다. 이용가치 식용 과실은 헤이즐넛으로 유통된다. 특이사항 학자에 따라서는 개암나무과로 독립시킨 경우도 있다.","특성정보 출처 국가생물종지식정보시스템 Flora of China 농사로 김태영, 김진석. (2018). 한국의나무. 돌베개. 조민제, 최동기, 최성호, 심미영, 지용주, 이웅. (2021). 한국 식물 이름의 유래 '조선식물향명집' 주해서. 심플라이프. 이우만. (2019). 새들의 밥상 : 뒷산 새 먹이 관찰 도감. 보리. 사진 출처 국립수목원, 개암나무. 사용자 의견 및 제안 식물 정보의 정확성과 서비스 개선을 위해 제안하실 사항이나 의견을 남겨주세요. 작성완료 홈 정원백과 소개 정원식물찾기 정원이야기 유형별 이야기 사례별 이야기 자료모음 연구간행물 참고사이트 수목원 이야기 용어집 TEL. 031-540-2000 FAX. 031-540-1088 경기도 포천시 소흘읍 광릉수목원로 509 (우.11186) 정원백과는 산림청 국립수목원 책임운영기관에서 운영하고 관리합니다. 산림청 국립수목원 © 2024 국립수목원."
https://www.knagarden.info/plants/gaebagha,gaebagha,개박하,Nepeta cataria L.,한국 적색목록,,,,,내한성 3a-9a 광조건 양지 반음지 토양성질 점토 양토 사토 정원환경 숲 가장자리 초지 성상 광엽 여러해살이풀 높이 / 너비 0.5 ~ 1m / 0.6 ~ 0.9m 개화시기 6월 9월,제주도,"자생환경 산이나 들, 관목지나 인가 주변에서 자란다. 내한성(온도) 3a-9a (-39.9°C ~ -3.9°C) 광조건 양지 반음지 토양성질 점토 양토 사토 토양산도 산성 중성 알칼리성 내환경성 강함 내건성 내공해성 척박한 토양",성상 광엽 여러해살이풀 높이 0.5 ~ 1m 너비 0.6 ~ 0.9m 꽃 개화시기 6월 9월 설명 원줄기 끝과 가지 끝에 겹우산모양꽃차례(원뿔모양)으로 달리며 백자색이다. Prev Next 잎 설명 삼각상 달걀모양이며 밑부분은 편평하거나 심장형이다. Prev Next 열매 설명 열매는 4개의 소견과로 꽃받침속에 들어 있고 타원모양이며 흑갈색이다. Prev Next 줄기 설명 네모지고 전체에 백색의 짧은 털이 많다.,"권장 정원 환경 정원환경 숲 가장자리 초지 권장정원유형 수분매개체정원 야생생물 설명 고양이가 좋아하는 캣닢의 재료이다. 수분매개 곤충이나 동물을 유인하며, 야생동물의 먹이자원이다. 나비, 나방 등의 애벌레가 서식하고 먹이로 섭취하고, 밀원식물이다.","식재 및 재배 양지 내지 반음지의 배수가 잘되는 건조한 토양에서 잘 자라며 가뭄에 매우 강하다. 꽃이 지고 난 후 전정을 해주면 식물의 수형을 밀집하게 만들 수 있다. 번식정보 포기나누기 또는 종자로 번식한다. 병충해 병 흰가루병 해충 달팽이, 민달팽이","유래 국명 개박하라는 이름은 박하와 닮았지만 박하와 같은 강한 향이 없다는 뜻에서 붙여졌다. 학명 속명 Nepeta는 라틴어 nepos(후손)가 어원인 개박하 종류(N. italica)의 이름에서 유래한 것으로 개박하속을 일컫는다. 종소명 cataria는 개박하속의 옛 속명 Cataria에서 유래했다. 이용가치 식용 요리용 허브로 잎을 잘게 썰어 각종 요리에 사용한다. 약용 말린 잎이나 꽃을 이용한 약재는 불안 감소, 수면 유도, 감기 완화를 위한 발한 촉진, 인후통 진정 (기침 억제제), 속쓰림 완화 등의 효과가 있다. 이용 진딧물과 노린재를 포함한 특정 곤충에 대한 기피제 역할을 한다.","특성정보 출처 국가생물종지식정보시스템 RHS Missouri Botanical Garden North Carolina Extended Gardener Flora of China 김진석, 김종환, 김중현. (2018). 한국의들꽃. 돌베개. 조민제, 최동기, 최성호, 심미영, 지용주, 이웅. (2021). 한국 식물 이름의 유래 '조선식물향명집' 주해서. 심플라이프. 사진 출처 국립수목원, 개박하. 사용자 의견 및 제안 식물 정보의 정확성과 서비스 개선을 위해 제안하실 사항이나 의견을 남겨주세요. 작성완료 홈 정원백과 소개 정원식물찾기 정원이야기 유형별 이야기 사례별 이야기 자료모음 연구간행물 참고사이트 수목원 이야기 용어집 TEL. 031-540-2000 FAX. 031-540-1088 경기도 포천시 소흘읍 광릉수목원로 509 (우.11186) 정원백과는 산림청 국립수목원 책임운영기관에서 운영하고 관리합니다. 산림청 국립수목원 © 2024 국립수목원."
https://www.knagarden.info/plants/gaebalnamul,gaebalnamul,개발나물,Sium suave Walter,한국 적색목록,,,,,내한성 2a-7b 광조건 양지 토양성질 점토 양토 정원환경 초지 수변 성상 광엽 여러해살이풀 높이 1m 개화시기 8월,한반도 중부 이남,내한성(온도) 2a-7b (-45.5°C ~ -12.2°C) 광조건 양지 토양성질 점토 양토,"클럼퍼(Clumper) 꽃 개화시기 8월 잎 설명 뿌리잎과 밑부분의 잎은 기수우상복엽으로서 잎자루가 길고 위로 갈수록 잎자루와 잎이 모두 작아진다. 소엽은 7~17개로서 쐐기모양, 선상 피침형이고 가장자리에 예리한 톱니가 있다. 열매 줄기",형태와 질감 화형 반구형 권장 정원 환경 정원환경 초지 수변,,유사종 물개발나물(var. nipponicum Hara),특성정보 출처 국가생물종지식정보시스템 사진 출처 사용자 의견 및 제안 식물 정보의 정확성과 서비스 개선을 위해 제안하실 사항이나 의견을 남겨주세요. 작성완료 홈 정원백과 소개 정원식물찾기 정원이야기 유형별 이야기 사례별 이야기 자료모음 연구간행물 참고사이트 수목원 이야기 용어집 TEL. 031-540-2000 FAX. 031-540-1088 경기도 포천시 소흘읍 광릉수목원로 509 (우.11186) 정원백과는 산림청 국립수목원 책임운영기관에서 운영하고 관리합니다. 산림청 국립수목원 © 2024 국립수목원.
https://www.knagarden.info/plants/gaebeomuri,gaebeomuri,개버무리,Clematis serratifolia Rehder,한국 적색목록,,,,,내한성 4a-7b 광조건 양지 반음지 토양성질 점토 양토 사토 정원환경 숲 가장자리 초지 성상 낙엽 활엽 덩굴 높이 2m 개화시기 7월 8월,한반도 중부 북부,"자생환경 건조한 숲, 비탈, 자갈로 된 강변에서 난다. 내한성(온도) 4a-7b (-34.3°C ~ -12.2°C) 광조건 양지 반음지 토양성질 점토 양토 사토 토양산도 산성 중성 알칼리성 내환경성 강함 내건성 내공해성 척박한 토양","성상 낙엽 활엽 덩굴 높이 2m 꽃 개화시기 7월 8월 설명 취산꽃차례이며, 꽃은 1~3개 달린다. 꽃은 넓거나 펼쳐진 종모양이다. Prev Next 잎 설명 마주나며 2회 삼출엽이다. 소엽은 긴타원모양, 피침형이고 가장자리에 불규칙한 톱니가 있다. 엽질은 얇은 종이질이며 양면에 털이 약간 있다. Prev Next 열매 설명 열매는 수과이고, 타원모양 또는 거꿀달걀모양이고 갈색이며 황백색 털이 있다. 끝부분에는 암술대가 변한 깃털 모양의 긴 털이 있다. Prev Next",향기 부위 꽃 권장 정원 환경 정원환경 숲 가장자리 초지 권장정원유형 자연주의정원 권장활용방법 경재식재,"식재 및 재배 배수가 잘 되면서 습윤한 석회암, 점토, 양토, 모래에서 잘 자란다. 수분을 잘 머금으면서도 배수가 잘되는 토양에 심고 양지나 반음지에서 기른다. 재배 환경이 햇빛이 잘 드는 곳일수록 향기가 강해진다. 다만 식물의 기저부와 뿌리부분을 다른 식물이나 자갈, 돌 등으로 가려서 시원하고 그늘진 환경을 만들어 주는 것이 좋다. 정기적인 전정이 필요한 식물이다. 전정을 하면 생장력이 강해지고 개화를 촉진한다. 전정을 하지 않으면 시야 부분은 맨 줄기만 있고, 시야 위쪽으로 꽃이 핀다. 그 해에 성장한 부분을 겨울이나 초봄에 전정을 해주어야 한다. 번식정보 종자번식 또는 삽목으로 번식한다. 병충해 병 뽕나무버섯, 클레마티스 시들음병, 클레마티스 점액 유출 해충 진딧물, 달팽이, 애벌레, 집게벌레","유래 국명 개버무리라는 이름은 '개와 '버무리'의 합성어로, '버무리'는 여러 가지를 한데 뒤섞어서 만든 음식을 일컫는 말이다. 학명 속명 Clematis는 그리스어 clema(가지, 가는 가지)에서 유래했으며, 가늘고 길게 뻗어나가는 줄기의 특성을 나타낸 것으로 으아리속을 일컫는다. 종소명 serratifolia는 '톱니가 있는 잎의'라는 뜻으로 잎의 가장자리에 톱니가 있어서 붙여졌다.","특성정보 출처 국가생물종지식정보시스템 RHS Flora of China 김태영, 김진석. (2018). 한국의나무. 돌베개. 조민제, 최동기, 최성호, 심미영, 지용주, 이웅. (2021). 한국 식물 이름의 유래 '조선식물향명집' 주해서. 심플라이프. 사진 출처 국립수목원, 개버무리. 사용자 의견 및 제안 식물 정보의 정확성과 서비스 개선을 위해 제안하실 사항이나 의견을 남겨주세요. 작성완료 홈 정원백과 소개 정원식물찾기 정원이야기 유형별 이야기 사례별 이야기 자료모음 연구간행물 참고사이트 수목원 이야기 용어집 TEL. 031-540-2000 FAX. 031-540-1088 경기도 포천시 소흘읍 광릉수목원로 509 (우.11186) 정원백과는 산림청 국립수목원 책임운영기관에서 운영하고 관리합니다. 산림청 국립수목원 © 2024 국립수목원."
https://www.knagarden.info/plants/gaebijanamu,gaebijanamu,개비자나무,Cephalotaxus harringtonia (Knight ex J.Forbes) K.Koch,한국 적색목록,,,,,내한성 6a-9b 광조건 반음지 음지 토양성질 양토 사토 정원환경 숲 숲 가장자리 성상 상록 침엽 관목 높이 / 너비 3m / 1.5 ~ 3m 개화시기 3월 4월 결실시기 9월 10월,국내 해외 충청북도 충청남도 전북 전라남도 경상북도 경상남도,자생환경 그늘진 숲의 나무 밑 습지에 자란다. 내한성(온도) 6a-9b (-23.2°C ~ -1.1°C) 광조건 반음지 음지 토양성질 양토 사토 토양산도 산성 중성 알칼리성 내환경성 강함 내환경성 내건성 내서성,"성상 상록 침엽 관목 높이 3m 너비 1.5 ~ 3m 꽃 개화시기 3월 4월 설명 암수딴그루로 웅성구화수는 편구형이고 연한 갈색이며, 한 꽃자루에 20~30개씩 달린다. 자성구화수는 2개씩 달린다. 암배우체는 녹색의 달걀모양이며 가지 끝에 달린다. Prev Next 잎 설명 2열로 배열하며 선형이고 납작하다. 표면은 짙은 녹색이며 뒷면은 2줄의 넓은 백색 기공선이 있어 흰빛이 돈다. Prev Next 열매 결실시기 9월 10월 설명 구과는 육질씨껍질로 싸인 붉은색 열매로 타원모양 또는 긴타원모양이며 결실기는 이듬해 9~10월이다. Prev Next 줄기 설명 수피는 암갈색이고 오래되면 세로로 갈라져 벗겨진다.",권장 정원 환경 정원환경 숲 숲 가장자리,"식재 및 재배 다른 대부분의 상록 침엽수에 비해 그늘을 더 잘 견딘다. 서늘한 여름에는 직사광선을 잘 견뎌내지만, 더운 여름에는 반음지를 선호한다. 습윤하고 배수가 잘되는 토양을 선호하지만 건조한 모래나 점토 토양에서도 견딜 수 있다. 습기가 있고 배수가 잘 되는 모래토양인 그늘진 위치에 심는 것이 가장 좋다. 이식은 3~4월이나 10월이 적기이다. 심을 때는 밑거름으로 잘 썩은 퇴비나 닭똥, 재 등을 넣고 흙을 덮은 후 그 위에 심는다. 심은 후에는 충분한 관수가 필요하다. 비료는 덧거름으로 깻묵, 복합비료 등을 겨울에 주는 것이 좋다. 시비 시에는 뿌리 주위를 얕게 파고 묻어 준다. 전정은 지엽이 밀생하므로 다른 침엽수의 전정과 비슷한 수준으로 해준다. 번식정보 종자번식 또는 삽목으로 번식한다.","유래 국명 개비자나무라는 이름은 비자나무와 닮았는데 쓰임새 등이 그보다 못하다는(개) 뜻에서 유래했다. 학명 속명 Cephalotaxus는 그리스어 cephalos(머리)와 Taxus (주목)의 합성어로 소포자낭수(수구화수)가 머리모양으로 달리는 주목이라는 뜻이며 개비자나무속을 일컫는다. 종소명 harringtonia는 이 나무를 처음으로 유럽에서 재배하기 시작한 사람 중 하나인 영국 군인 Charles Stanhope, 4th Earl of Hairington(1780~1851)의 이름에서 유래했다. 이용가치 식용 과실을 식용하고 착유(搾油)용으로 이용한다.","특성정보 출처 국가생물종지식정보시스템 Missouri Botanical Garden North Carolina Extended Gardener 농사로 김태영, 김진석. (2018). 한국의나무. 돌베개. 조민제, 최동기, 최성호, 심미영, 지용주, 이웅. (2021). 한국 식물 이름의 유래 '조선식물향명집' 주해서. 심플라이프. 사진 출처 국립수목원, 개비자나무. 사용자 의견 및 제안 식물 정보의 정확성과 서비스 개선을 위해 제안하실 사항이나 의견을 남겨주세요. 작성완료 홈 정원백과 소개 정원식물찾기 정원이야기 유형별 이야기 사례별 이야기 자료모음 연구간행물 참고사이트 수목원 이야기 용어집 TEL. 031-540-2000 FAX. 031-540-1088 경기도 포천시 소흘읍 광릉수목원로 509 (우.11186) 정원백과는 산림청 국립수목원 책임운영기관에서 운영하고 관리합니다. 산림청 국립수목원 © 2024 국립수목원."
https://www.knagarden.info/plants/gaebogsuco,gaebogsuco,개복수초,Adonis pseudoamurensis W.T.Wang,한국 적색목록,,,,,내한성 4b-8b 광조건 반음지 토양성질 양토 사토 유기질토 정원환경 숲 숲 가장자리 초지 성상 광엽 여러해살이풀 높이 0.1 ~ 0.4m 개화시기 3월 4월 결실시기 4월 8월,한반도 전역,내한성(온도) 4b-8b (-31.6°C ~ -6.7°C) 광조건 반음지 토양성질 양토 사토 유기질토,"클럼퍼(Clumper) 꽃 개화시기 3월 4월 설명 꽃은 1~4개가 달린다. 황색에서 주황색을 띤다. Prev Next 잎 설명 어긋나기하며 1~2장의 우상복엽의 잎이 달린다. Prev Next 열매 결실시기 4월 8월 설명 열매는 원모양으로 타원상이며, 열매당 수과는 35~91개가 달린다. 수과는 비틀어진 거꿀달걀모양 또는 타원모양으로 짧은 털이 밀생한다. 종자는 달걀모양이다. Prev Next 줄기",형태와 질감 질감 고운 질감 권장 정원 환경 정원환경 숲 숲 가장자리 초지,,,"특성정보 출처 국가생물종지식정보시스템 사진 출처 국립수목원, 개복수초. 사용자 의견 및 제안 식물 정보의 정확성과 서비스 개선을 위해 제안하실 사항이나 의견을 남겨주세요. 작성완료 홈 정원백과 소개 정원식물찾기 정원이야기 유형별 이야기 사례별 이야기 자료모음 연구간행물 참고사이트 수목원 이야기 용어집 TEL. 031-540-2000 FAX. 031-540-1088 경기도 포천시 소흘읍 광릉수목원로 509 (우.11186) 정원백과는 산림청 국립수목원 책임운영기관에서 운영하고 관리합니다. 산림청 국립수목원 © 2024 국립수목원."
https://www.knagarden.info/plants/gaebuceoson,gaebuceoson,개부처손,Selaginella stauntoniana Spring,한국 적색목록,,,,,내한성 3b-9b 광조건 양지 토양성질 양토 사토 정원환경 돌밭 돌틈 및 옹벽 암석원 성상 상록 여러해살이풀 높이 0.1 ~ 0.25m,강원도 충청북도,자생환경 산지의 석회암 바위 또는 암벽 틈새에서 자라는 식물이다. 내한성(온도) 3b-9b (-37.1°C ~ -1.1°C) 광조건 양지 토양성질 양토 사토 토양산도 산성 중성 알칼리성 내환경성 강함 내한성,"런너(Runner) 설명 뿌리줄기가 바닥을 기면서 뻗어나간다. 잎 설명 땅속줄기에서 한 개씩 나오며, 총생하지 않고, 위쪽에서 가지가 갈라져서 전체적으로 난상 장타원형으로 된다. 옆으로 뻗으며 잎이 드문드문 달리고 끝부분이 위로 곧추 자란다. Prev Next 열매 Prev Next",권장 정원 환경 정원환경 돌밭 돌틈 및 옹벽 암석원 권장정원유형 암석원,식재 및 재배 성질이 강건하고 재배와 관리가 용이하다. 재배 시 습도가 적당히 유지되고 토심이 얕은 정원석 사이나 암석원에 심으면 매우 좋다.,,"특성정보 출처 국가생물종지식정보시스템 Flora of China 사진 출처 국립수목원, 개부처손. 사용자 의견 및 제안 식물 정보의 정확성과 서비스 개선을 위해 제안하실 사항이나 의견을 남겨주세요. 작성완료 홈 정원백과 소개 정원식물찾기 정원이야기 유형별 이야기 사례별 이야기 자료모음 연구간행물 참고사이트 수목원 이야기 용어집 TEL. 031-540-2000 FAX. 031-540-1088 경기도 포천시 소흘읍 광릉수목원로 509 (우.11186) 정원백과는 산림청 국립수목원 책임운영기관에서 운영하고 관리합니다. 산림청 국립수목원 © 2024 국립수목원."
https://www.knagarden.info/plants/gaebyeolggoc,gaebyeolggoc,개별꽃,Pseudostellaria heterophylla (Miq.) Pax,한국 적색목록,,,,,내한성 3a-8b 광조건 양지 토양성질 양토 유기질토 정원환경 숲 가장자리 성상 광엽 여러해살이풀 높이 0.08 ~ 0.12m 개화시기 5월,함경남도 황해 경기도 강원도 충청북도 전라남도 경상남도,내한성(온도) 3a-8b (-39.9°C ~ -6.7°C) 광조건 양지 토양성질 양토 유기질토,클럼퍼(Clumper) 꽃 개화시기 5월 설명 1개의 백색 꽃이 위를 향해 달린다. Prev Next 잎 설명 마주나기하며 거꿀피침모양이며 예두이다. 열매 설명 삭과는 난상 원형이고 3개로 갈라져서 세립 종자를 산출한다. 종자는 원모양으로 표면에 젖꼭지모양의 돌기가 있다. 줄기,권장 정원 환경 정원환경 숲 가장자리,번식정보 종자로 번식한다.,유사종 참개별꽃(P. coreana Ohwi),"특성정보 출처 국가생물종지식정보시스템 사진 출처 국립수목원, 개별꽃. 사용자 의견 및 제안 식물 정보의 정확성과 서비스 개선을 위해 제안하실 사항이나 의견을 남겨주세요. 작성완료 홈 정원백과 소개 정원식물찾기 정원이야기 유형별 이야기 사례별 이야기 자료모음 연구간행물 참고사이트 수목원 이야기 용어집 TEL. 031-540-2000 FAX. 031-540-1088 경기도 포천시 소흘읍 광릉수목원로 509 (우.11186) 정원백과는 산림청 국립수목원 책임운영기관에서 운영하고 관리합니다. 산림청 국립수목원 © 2024 국립수목원."
https://www.knagarden.info/plants/gaebyeongpung,gaebyeongpung,개병풍,Astilboides tabularis (Hemsl.) Engl.,한국 적색목록,,,,,내한성 4a-7a 광조건 반음지 토양성질 양토 사토 유기질토 정원환경 숲 숲 가장자리 성상 광엽 여러해살이풀 높이 / 너비 1 ~ 1.5m / 1 ~ 1.5m 개화시기 6월 7월 결실시기 8월 10월,함경북도 함경남도 평안북도 경기도 강원도 삼척시 인제군 정선군 태백시 화천군,"자생환경 깊은 산골짜기의 숲속, 비탈진 숲, 골짜기에 자란다. 내한성(온도) 4a-7a (-34.3°C ~ -15°C) 광조건 반음지 토양성질 양토 사토 유기질토 토양산도 산성 중성 알칼리성",런너(Runner) 꽃 개화시기 6월 7월 설명 백색 줄기 끝에 큰 원뿔모양꽃차례로 많은 꽃이 달린다. Prev Next 잎 설명 뿌리잎은 방패모양으로 가장자리가 7개 정도로 얕게 갈라지며 잔톱니가 있다. 열매 결실시기 8월 10월 설명 과실은 삭과이고 암술대 사이가 벌어져 많은 종자가 나온다.,형태와 질감 질감 거친 질감 권장 정원 환경 정원환경 숲 숲 가장자리 권장정원유형 음지정원,"식재 및 재배 일반적인 습기와 배수가 잘되는 토양의 음지 내지 반음지에서 기를 수 있지만, 습하고 유기물이 풍부한 반음지를 선호한다. 양토가 좋다. 시냇가 또는 지속적으로 축축한 토양을 갖춘 환경이 효과적이며 또한 숲 정원 등의 습하고 그늘진 지역에서도 재배할 수 있다. 지나치게 많은 햇빛이 들거나 토양이 건조할 경우, 더운 여름에 잎이 갈변할 수 있다. 번식정보 냉상 안에서 종자를 파종하거나 봄에 포기나누기를 하여 증식한다. 병충해 해충 민달팽이(휴면아를 먹음)","유래 국명 개병풍이라는 이름은 『조선식물명휘』에 따른 것으로, 잎과 식물체가 자라는 모습이 국화과의 병풍(병풍쌈)과 유사하다는 뜻에서 유래했다. 학명 속명 Astilboides는 Astilbe(노루오줌속)와 -oides(~와 비슷한 닮은)의 합성어로, 꽃차례가 노루 오줌속과 닮아 붙여졌으며 개병풍속을 일컫는다. 종소명 tabularis는 '평판(平板)의'라는 뜻으로 잎의 모양에서 유래한 것으로 보인다.","특성정보 출처 국가생물종지식정보시스템 RHS Missouri Botanical Garden Flora of China 조민제, 최동기, 최성호, 심미영, 지용주, 이웅. (2021). 한국 식물 이름의 유래 '조선식물향명집' 주해서. 심플라이프. 사진 출처 국립수목원, 개병풍. 이기홍, 개병풍. 사용자 의견 및 제안 식물 정보의 정확성과 서비스 개선을 위해 제안하실 사항이나 의견을 남겨주세요. 작성완료 홈 정원백과 소개 정원식물찾기 정원이야기 유형별 이야기 사례별 이야기 자료모음 연구간행물 참고사이트 수목원 이야기 용어집 TEL. 031-540-2000 FAX. 031-540-1088 경기도 포천시 소흘읍 광릉수목원로 509 (우.11186) 정원백과는 산림청 국립수목원 책임운영기관에서 운영하고 관리합니다. 산림청 국립수목원 © 2024 국립수목원."
https://www.knagarden.info/plants/gaebyeorug,gaebyeorug,개벼룩,Moehringia lateriflora (L.) Fenzl,한국 적색목록,,,,,내한성 1a-7a 광조건 양지 토양성질 양토 사토 정원환경 숲 가장자리 초지 성상 광엽 여러해살이풀 높이 0.1 ~ 0.2m 개화시기 6월 7월,국내 해외 강원도 경기도 충청북도,자생환경 산간 풀밭이나 숲 가장자리에서 자란다. 내한성(온도) 1a-7a (-48.3°C ~ -15°C) 광조건 양지 토양성질 양토 사토,"런너(Runner) 꽃 개화시기 6월 7월 설명 백색이며 꽃차례는 잎겨드랑이와 끝에 1~3개의 꽃이 달린다. Prev Next 잎 설명 마주나며 잎자루가 없고 긴 타원형, 넓은 타원형이다. 양끝이 둔하다. Prev Next 열매 설명 열매는 삭과로서 3개로 갈라진 끝이 다시 2개로 갈라진다. 종자는 신원형이고 검은색이며 종부에 부속체가 있다. 줄기 설명 줄기는 가늘고 밑동에서 가지를 친다.",형태와 질감 화형 분산형 권장 정원 환경 정원환경 숲 가장자리 초지,,,"특성정보 출처 국가생물종지식정보시스템 Flora of China 사진 출처 국립수목원, 개벼룩. 사용자 의견 및 제안 식물 정보의 정확성과 서비스 개선을 위해 제안하실 사항이나 의견을 남겨주세요. 작성완료 홈 정원백과 소개 정원식물찾기 정원이야기 유형별 이야기 사례별 이야기 자료모음 연구간행물 참고사이트 수목원 이야기 용어집 TEL. 031-540-2000 FAX. 031-540-1088 경기도 포천시 소흘읍 광릉수목원로 509 (우.11186) 정원백과는 산림청 국립수목원 책임운영기관에서 운영하고 관리합니다. 산림청 국립수목원 © 2024 국립수목원."
https://www.knagarden.info/plants/gaedarae,gaedarae,403 ERROR,The request could not be satisfied.,,,,,,,,,,,,,
https://www.knagarden.info/plants/gaeddongssug,gaeddongssug,403 ERROR,The request could not be satisfied.,,,,,,,,,,,,,
https://www.knagarden.info/plants/gaegamsu,gaegamsu,403 ERROR,The request could not be satisfied.,,,,,,,,,,,,,
https://www.knagarden.info/plants/gaegosari,gaegosari,403 ERROR,The request could not be satisfied.,,,,,,,,,,,,,
https://www.knagarden.info/plants/gaeguribab,gaeguribab,403 ERROR,The request could not be satisfied.,,,,,,,,,,,,,
https://www.knagarden.info/plants/gaehoehyang,gaehoehyang,403 ERROR,The request could not be satisfied.,,,,,,,,,,,,,
https://www.knagarden.info/plants/gaehoenamu,gaehoenamu,403 ERROR,The request could not be satisfied.,,,,,,,,,,,,,
https://www.knagarden.info/plants/gaehyeonsam,gaehyeonsam,403 ERROR,The request could not be satisfied.,,,,,,,,,,,,,
https://www.knagarden.info/plants/gaejeonghyangpul,gaejeonghyangpul,403 ERROR,The request could not be satisfied.,,,,,,,,,,,,,
https://www.knagarden.info/plants/gaejogdoripul,gaejogdoripul,403 ERROR,The request could not be satisfied.,,,,,,,,,,,,,
https://www.knagarden.info/plants/gaemaegmundong,gaemaegmundong,403 ERROR,The request could not be satisfied.,,,,,,,,,,,,,
https://www.knagarden.info/plants/gaemeowi,gaemeowi,403 ERROR,The request could not be satisfied.,,,,,,,,,,,,,
https://www.knagarden.info/plants/gaemicwi,gaemicwi,403 ERROR,The request could not be satisfied.,,,,,,,,,,,,,
https://www.knagarden.info/plants/gaemyeonma,gaemyeonma,403 ERROR,The request could not be satisfied.,,,,,,,,,,,,,
https://www.knagarden.info/plants/gaenari,gaenari,403 ERROR,The request could not be satisfied.,,,,,,,,,,,,,
https://www.knagarden.info/plants/gaeneusam,gaeneusam,403 ERROR,The request could not be satisfied.,,,,,,,,,,,,,
https://www.knagarden.info/plants/gaesalgunamu,gaesalgunamu,403 ERROR,The request could not be satisfied.,,,,,,,,,,,,,
https://www.knagarden.info/plants/gaesasangja,gaesasangja,403 ERROR,The request could not be satisfied.,,,,,,,,,,,,,
